text,size
blockchain,1259
httpst,1102
ico,349
crypto,304
rt,244
bitcoin,221
cryptocurrency,221
ethereum,202
join,165
token,165
airdrop,153
presale,151
get,124
us,120
tokensale,117
ai,114
amp,108
technology,107
new,106
btc,95
live,95
eth,94
project,89
days,79
fintech,77
platform,77
iot,75
team,75
seed,74
sale,73
one,67
drone,65
check,64
tihosay,62
tokens,62
read,59
telegram,58
like,57
ready,57
preico,55
see,54
skyfchain,54
based,53
day,53
decentralized,53
april,52
want,52
bonus,50
first,50
money,50
peculium,48
altcoins,47
productoken,47
future,46
make,46
time,46
business,45
community,45
proud,44
investors,43
market,43
meet,43
satoshi,43
data,42
brt,41
hours,41
follow,40
news,40
de,39
people,39
via,39
week,38
best,37
deepaero,37
deepaerodrones,37
icos,37
investinbrokers,37
please,37
free,36
gt,36
register,36
europeancryptob,35
socialwalletinc,35
thank,35
ceo,34
cryptocurrencies,34
lets,34
twitter,34
used,34
watch,34
bethereumteam,32
digitizecoin,32
go,32
great,32
learn,32
th,32
earnmoney,31
link,31
private,31
provide,31
public,31
secure,31
tech,31
robotinaico,30
seoul,30
support,30
easy,29
innovation,29
network,29
st,29
world,29
aelfblockchain,28
crowdfunding,28
cybersecurity,28
energy,28
meetup,28
starts,28
top,28
using,28
video,28
announce,27
big,27
ends,27
exchange,27
offering,27
randolphmlny,27
coolcousinco,26
create,26
everyone,26
generate,26
good,26
httpsrt,26
per,26
retweet,26
smart,26
bigdata,25
blockchainrt,25
comment,25
every,25
icosprintx,25
irt,25
website,25
weve,25
among,24
bounty,24
dont,24
efficiency,24
improve,24
industry,24
interview,24
rating,24
startups,24
still,24
told,24
change,23
drastically,23
hi,23
japan,23
la,23
look,23
savings,23
share,23
together,23
adosiaio,22
asia,22
autonomous,22
bank,22
ecommerce,22
investa,22
latest,22
miss,22
peer,22
realestate,22
system,22
amicorumlive,21
function,21
global,21
httprt,21
plazasystems,21
problem,21
send,21
solution,21
use,21
wealthecoin,21
welcome,21
build,20
c,20
come,20
development,20
discussed,20
el,20
fan,20
help,20
humans,20
investing,20
know,20
members,20
operates,20
part,20
projectshivom,20
reliant,20
stay,20
therefore,20
today,20
wealthe,20
wealthmigrate,20
art,19
coinsairdrops,19
dbrainio,19
elecrt,19
happy,19
healthcare,19
invest,19
last,19
legal,19
merculetio,19
mining,19
projects,19
revolution,19
smartmanufacturing,19
thanks,19
trading,19
usd,19
address,18
aircraft,18
article,18
blockscart,18
cogwsmjbiu,18
cosrpdhakkf,18
many,18
peermountain,18
potential,18
setup,18
signals,18
skyfchains,18
theabyss,18
think,18
trends,18
type,18
uavos,18
way,18
coin,17
could,17
currency,17
digital,17
going,17
korea,17
major,17
model,17
start,17
answer,16
application,16
attending,16
concept,16
cooebhrt,16
distribution,16
ether,16
event,16
group,16
may,16
open,16
real,16
single,16
skm,16
solved,16
starting,16
uptodate,16
v,16
visit,16
wallet,16
altcoin,15
attractive,15
available,15
berlin,15
btfproject,15
cogulmsgzzn,15
combined,15
conference,15
diwtoken,15
economy,15
ecosystem,15
lendingblock,15
looking,15
love,15
mclynd,15
official,15
sign,15
technologies,15
tokenization,15
whitelisted,15
almost,14
banking,14
blockchains,14
blocrt,14
brynex,14
buy,14
control,14
crt,14
drones,14
experts,14
fixyapp,14
leading,14
lot,14
ml,14
photochainio,14
rd,14
security,14
stockphotography,14
subscribe,14
success,14
tge,14
trust,14
web,14
workshop,14
yes,14
app,13
cant,13
coiwrgrt,13
company,13
cousffnuyqajrt,13
dapp,13
discount,13
enterprise,13
far,13
finance,13
forward,13
george,13
head,13
hope,13
makes,13
marketing,13
networks,13
non,13
payments,13
personn,13
price,13
prt,13
pushpendrakum,13
right,13
roscacointoken,13
sorros,13
startup,13
summit,13
talk,13
trt,13
wish,13
year,13
adosia,12
akaiito,12
also,12
ambitico,12
artificialintelligence,12
bringing,12
cities,12
coizlbakufrt,12
connect,12
contracts,12
cort,12
currently,12
en,12
funds,12
genomics,12
goldiamico,12
hackathon,12
investment,12
launch,12
lead,12
ltc,12
main,12
marketplace,12
mch,12
medium,12
mikequindazzi,12
operation,12
panel,12
perfect,12
program,12
questions,12
roadmap,12
sure,12
take,12
transparent,12
youtube,12
zperteam,12
adsigmacoin,11
advanced,11
allows,11
amazing,11
around,11
bitrust,11
blockrt,11
bthr,11
cardstack,11
cash,11
channel,11
cmo,11
complete,11
daico,11
dev,11
disruption,11
diw,11
excited,11
financial,11
find,11
fit,11
frt,11
furt,11
got,11
hardware,11
hedge,11
hrt,11
httrt,11
hurry,11
influential,11
insurtech,11
internet,11
interviewed,11
investacouk,11
joined,11
le,11
murthaburke,11
next,11
openplatformico,11
players,11
product,11
rbi,11
stock,11
things,11
traditional,11
travel,11
unique,11
utilizing,11
waves,11
weareamicorum,11
able,10
accessing,10
account,10
b,10
backing,10
buzzshownetwork,10
candy,10
chosen,10
cofqtdfqp,10
comments,10
consider,10
contribute,10
corporations,10
crowdsale,10
cryptoconference,10
datascience,10
deconomy,10
discover,10
early,10
efficient,10
enter,10
entrepreneur,10
etu,10
ever,10
fiatentry,10
icort,10
icotalk,10
inspemcom,10
interesting,10
kyle,10
later,10
lee,10
millennials,10
mobile,10
mochatoken,10
mountains,10
much,10
nauticus,10
never,10
ntokio,10
prototype,10
raised,10
rashidoukhai,10
reinvent,10
retirements,10
review,10
rolecoin,10
roscacoin,10
safein,10
safeincom,10
safer,10
selfregulating,10
services,10
smarter,10
solid,10
solomon,10
stages,10
techrt,10
update,10
userfriendly,10
value,10
well,10
whitepaper,10
wondered,10
youll,10
aitheon,9
aitheonofficial,9
analytics,9
announcement,9
applications,9
approved,9
asset,9
binance,9
bloknetwork,9
bobsrepair,9
chimaeratech,9
click,9
cocvalasv,9
codzldovgcju,9
coming,9
companies,9
coo,9
corner,9
cryptopayments,9
cybermiles,9
details,9
developed,9
equi,9
et,9
experience,9
fact,9
favorite,9
found,9
founder,9
freetoken,9
galaxyeesol,9
getrt,9
gif,9
give,9
grant,9
hardcap,9
idea,9
industrial,9
information,9
initiated,9
insurance,9
jb,9
jed,9
limited,9
machinelearning,9
manufacturing,9
mention,9
merculet,9
migrating,9
mountain,9
music,9
need,9
officialteecash,9
opportunity,9
participants,9
participate,9
partners,9
partnership,9
pay,9
phases,9
que,9
question,9
reagenttoken,9
ret,9
scam,9
stop,9
talking,9
tort,9
upgrade,9
users,9
vision,9
woow,9
worldopoly,9
would,9
xrp,9
zhuling,9
zper,9
accuracy,8
action,8
aic,8
already,8
ambit,8
andrt,8
attention,8
become,8
better,8
bgxglobal,8
block,8
blocktalk,8
bts,8
canada,8
central,8
comgcdlwgdsf,8
communicationcentric,8
coqfxqlax,8
cosyspgqrt,8
cozzyutaswrt,8
cryptort,8
customers,8
dbrain,8
difference,8
digitaltransformation,8
distributes,8
dr,8
dubai,8
e,8
european,8
foundry,8
gaming,8
gizergaming,8
india,8
indias,8
ioe,8
item,8
joining,8
largest,8
made,8
matters,8
moore,8
nd,8
nick,8
nlp,8
photochain,8
planned,8
plasma,8
pp,8
presentation,8
provider,8
really,8
reasons,8
receive,8
requires,8
russia,8
second,8
service,8
shooter,8
signalsnetwork,8
skrumble,8
skyf,8
smartcity,8
social,8
speed,8
sys,8
syscoins,8
took,8
toronto,8
traders,8
understand,8
unibright,8
uses,8
venturecapital,8
vr,8
w,8
ways,8
west,8
white,8
whitelist,8
wild,8
women,8
wp,8
xyo,8
adoption,7
advisor,7
airt,7
alert,7
announces,7
answers,7
arabianchain,7
areas,7
astonished,7
bethereum,7
bitnation,7
blockchrt,7
bourseettrading,7
bring,7
cbinsights,7
challenges,7
chicken,7
chimaeras,7
chronobank,7
chronobanknews,7
cogqgtmzrt,7
convert,7
coumwkrwaq,7
cto,7
dash,7
decision,7
difficult,7
disrupt,7
dodgy,7
eat,7
ecoinomicnet,7
efficiently,7
electricity,7
end,7
energyrt,7
ethereurt,7
fake,7
fixy,7
forum,7
fraud,7
full,7
gameplay,7
growing,7
hard,7
helenewpli,7
hey,7
hummus,7
iameidentity,7
iiot,7
involved,7
jblefevre,7
juventusrealmadrid,7
keep,7
key,7
learning,7
left,7
les,7
less,7
limb,7
london,7
lunch,7
march,7
merchantchain,7
million,7
neo,7
note,7
oftoverlooked,7
ort,7
others,7
particularly,7
pecunio,7
possible,7
pox,7
prestigious,7
prod,7
q,7
ratings,7
rcinext,7
ripple,7
roi,7
set,7
simple,7
society,7
sofin,7
south,7
speaking,7
sprained,7
stamping,7
technolort,7
tell,7
thert,7
thrt,7
tokenizetheworld,7
transforming,7
twice,7
universes,7
verdicts,7
vicetoken,7
vit,7
weekend,7
work,7
worlds,7
zidane,7
ahead,6
airdropalert,6
airdropping,6
airdrops,6
alvinfoo,6
another,6
aspects,6
assets,6
atsushi,6
audit,6
back,6
banks,6
betting,6
bgx,6
bitcoinrt,6
black,6
bloks,6
blort,6
bn,6
board,6
bountyprt,6
btu,6
captured,6
chance,6
changetheworld,6
cofounder,6
coins,6
con,6
coqvyxzmxepl,6
costly,6
cotdlgvebcpv,6
cowqhtblxsi,6
cprop,6
cryptocurrenty,6
current,6
databrokerdao,6
datecoin,6
decentralization,6
developers,6
digitize,6
discussion,6
dollar,6
du,6
empower,6
eos,6
estate,6
events,6
exciting,6
existing,6
explain,6
facilitating,6
fair,6
finrt,6
followback,6
followers,6
form,6
futurist,6
g,6
gdpr,6
generation,6
geolocationcrypto,6
goldiamians,6
grt,6
heres,6
hit,6
ice,6
icuevent,6
ideas,6
il,6
im,6
image,6
important,6
infographic,6
innovative,6
introducing,6
invite,6
inviting,6
ipfconline,6
let,6
litecoin,6
maintainrt,6
markets,6
matchpool,6
mhiesboeck,6
natural,6
ne,6
ninfobg,6
number,6
operating,6
overview,6
patron,6
perspective,6
picken,6
pleasure,6
plus,6
pm,6
porn,6
power,6
profit,6
promising,6
proofofreputation,6
qu,6
rank,6
ratinglisrt,6
reality,6
recommend,6
referral,6
regtech,6
regulated,6
researchers,6
round,6
run,6
say,6
scott,6
se,6
sea,6
shopping,6
situation,6
skyfchainrt,6
smartcontract,6
stage,6
state,6
stunning,6
swachhcoin,6
swapynetwork,6
syscoin,6
systems,6
telegrt,6
transactions,6
user,6
userexperienceu,6
view,6
waiting,6
webevent,6
worldwide,6
xiwatt,6
xvg,6
years,6
yesterday,6
young,6
access,5
achieve,5
advertisers,5
age,5
agile,5
agreement,5
agriculture,5
alpha,5
andintegrated,5
anyone,5
behind,5
biggest,5
billion,5
bitcointalk,5
bitlumens,5
blockcrt,5
brand,5
btf,5
built,5
businessintegration,5
carry,5
challenge,5
charities,5
chat,5
chboursin,5
closely,5
cofnuzfad,5
cogdumbqick,5
cogyzqtsekrt,5
combination,5
comftltqrsrrt,5
conceptualized,5
continue,5
contract,5
coorerewtlj,5
coowonvrxmh,5
cornkxlbgpjrt,5
costs,5
covnsgjyflo,5
cryptocurrencyrt,5
cryptography,5
cryptokami,5
cuttingedge,5
daily,5
dapps,5
designed,5
devops,5
di,5
discuss,5
dl,5
dollars,5
dramatically,5
duo,5
earthtokens,5
erc,5
eternaltrusts,5
europe,5
featured,5
finding,5
fullrt,5
fundx,5
geolocation,5
giveaway,5
giving,5
gizmodo,5
govert,5
guys,5
hackers,5
huge,5
icrt,5
impact,5
info,5
inrt,5
instilrt,5
ironblockio,5
isupportcrypto,5
kuriharan,5
land,5
leaderrt,5
levelnetwork,5
listed,5
looks,5
loose,5
luck,5
machine,5
marrt,5
mcandariel,5
message,5
met,5
min,5
month,5
nights,5
nyc,5
officer,5
omni,5
omx,5
online,5
p,5
payment,5
pdata,5
personal,5
physical,5
platforms,5
point,5
potentiamio,5
pre,5
presence,5
presents,5
products,5
promoting,5
protection,5
protocol,5
provides,5
published,5
purpose,5
raise,5
rated,5
realworld,5
received,5
reduce,5
release,5
robotics,5
rsi,5
runs,5
saturday,5
says,5
scientist,5
segments,5
series,5
sfn,5
simplyvitalhq,5
site,5
skyllz,5
smarc,5
smartrt,5
soon,5
spotlight,5
ssothealth,5
storage,5
successfully,5
sustainable,5
tax,5
thethpillarltd,5
tokenlaunch,5
total,5
touch,5
trade,5
trivia,5
TRUE,5
trx,5
tuned,5
ubt,5
una,5
useful,5
vice,5
voices,5
vtr,5
xbcadfbfbcdfrt,5
xlm,5
yookye,5
yookyecommunity,5
abacasxchange,4
across,4
admins,4
adress,4
advisory,4
airline,4
al,4
allow,4
altestate,4
amman,4
announced,4
antivirus,4
apoyos,4
ar,4
archos,4
asked,4
atraer,4
away,4
bad,4
bahrain,4
bahraingp,4
bahraingrandprix,4
barriers,4
beautiful,4
beautirt,4
begin,4
beware,4
biisummitdubai,4
binans,4
bitcoins,4
bitnautic,4
blockchainlife,4
bpa,4
brings,4
btcturk,4
businesses,4
businessprocess,4
caledern,4
cannot,4
capital,4
cardiumworld,4
cars,4
cc,4
ce,4
chef,4
chief,4
chinas,4
client,4
codppjehdc,4
cognjzokzn,4
coinbase,4
como,4
completely,4
confusion,4
connecting,4
content,4
convergence,4
coqjjnmmkcj,4
core,4
coscptzxyqg,4
coyvorzgnzj,4
creating,4
creators,4
crrt,4
cut,4
cwide,4
dagt,4
dao,4
dary,4
davidpakmanshow,4
decentralised,4
delivering,4
des,4
developing,4
discord,4
dmd,4
dmk,4
doesnt,4
done,4
dpto,4
dtb,4
earn,4
enjoylife,4
entertainment,4
equally,4
era,4
esports,4
eternaltrustsrt,4
ethrt,4
eventrt,4
everything,4
evolved,4
experiences,4
explainer,4
facebook,4
fairrt,4
fastest,4
features,4
ff,4
flogmall,4
followme,4
forbes,4
forever,4
founders,4
freezoneone,4
frequently,4
ftima,4
gain,4
game,4
glad,4
government,4
grazplatform,4
growth,4
gup,4
happening,4
hayekgaby,4
health,4
heard,4
hirego,4
holon,4
hot,4
hotel,4
ht,4
htrt,4
hybrid,4
ibm,4
iccp,4
id,4
impress,4
infosec,4
initial,4
integrating,4
interestingrt,4
international,4
introduce,4
investments,4
ironblock,4
joins,4
jordan,4
journey,4
jovenes,4
juntao,4
knowledge,4
koin,4
koineks,4
kripto,4
kryptonium,4
kyc,4
lapo,4
launched,4
leart,4
legend,4
libraries,4
lightning,4
lolaortizsanch,4
loyakkvega,4
mass,4
maximum,4
maybe,4
mobility,4
mood,4
morert,4
mr,4
msymejorcolegio,4
nauticusen,4
newsoftheweek,4
node,4
officialakaiito,4
openrt,4
opirium,4
ourrt,4
ovalles,4
ovis,4
oviscomtr,4
packages,4
paper,4
paribu,4
participationrt,4
partner,4
payvx,4
pcl,4
peurtoken,4
pierre,4
place,4
plans,4
powerful,4
presenting,4
problems,4
procedures,4
profaktan,4
publishers,4
purchase,4
put,4
quality,4
quant,4
quantnetwork,4
railz,4
recap,4
registration,4
regulation,4
regulations,4
rental,4
representative,4
repux,4
responsiblerebel,4
revolutionize,4
rooms,4
safe,4
saved,4
scammers,4
sdp,4
sector,4
sees,4
sensordata,4
server,4
session,4
sharing,4
shoppingstar,4
signed,4
small,4
smartcontracts,4
sms,4
sooonnnn,4
sophisticated,4
source,4
space,4
sport,4
startrt,4
streaming,4
strong,4
successful,4
supply,4
swapy,4
symbol,4
talento,4
te,4
technical,4
teecash,4
telecom,4
terencemills,4
testing,4
themossland,4
themployer,4
three,4
thursday,4
tickets,4
totally,4
trabaja,4
trackico,4
traxion,4
trip,4
tvrevolution,4
tvs,4
tvtwocom,4
unnecessary,4
updates,4
vacation,4
valurt,4
vamos,4
vanrijmenam,4
vega,4
venture,4
verge,4
vinchainio,4
vote,4
waitforit,4
wasting,4
winners,4
working,4
worth,4
wowrt,4
wrjumpin,4
wrong,4
wrt,4
x,4
yet,4
yoomipha,4
yort,4
yourt,4
zpr,4
ability,3
abuse,3
accessories,3
accounted,3
ada,3
adsigma,3
advantages,3
advertising,3
advisors,3
agreed,3
aims,3
always,3
amchart,3
amchartall,3
amount,3
ann,3
anonymity,3
anywhere,3
apart,3
api,3
ask,3
attacked,3
au,3
authority,3
aux,3
baron,3
bch,3
becomes,3
benefits,3
bets,3
beyonc,3
bitpay,3
bloc,3
blockchainbased,3
blockchaintechnology,3
blog,3
blrt,3
bridge,3
brynexofficial,3
burn,3
button,3
caliber,3
called,3
cap,3
case,3
centralized,3
cfo,3
changes,3
checklists,3
checks,3
chemicals,3
cherrioplatform,3
child,3
china,3
cloud,3
co,3
coalqmyrv,3
cobluelfw,3
code,3
coegmsbrxek,3
coejrjdz,3
coespijwggxl,3
cogtdogoay,3
cohhlzuzm,3
coigbnzort,3
coinseedapp,3
coitbfhmbeu,3
cokqsmcruuevrt,3
cold,3
coldmidiiq,3
combvhqbvem,3
commercial,3
computing,3
congratulate,3
congratulations,3
considering,3
consumers,3
consumrt,3
continues,3
coorxlbojfo,3
copwhhupnjim,3
corxeltitq,3
cosqtxlfbsv,3
covnsgjgdwo,3
covsreaffcf,3
coxjkrabcop,3
coyyduqrt,3
cozphhfnjrt,3
cozsqarbxssy,3
cozwtvwfrj,3
crappy,3
creamcoin,3
created,3
croit,3
cryptelo,3
cryptocrt,3
cryptomonnaies,3
cryptopolice,3
cryptopolicecom,3
cryptorobby,3
cryptosid,3
cryrt,3
csuite,3
dagtofficial,3
dari,3
datamarketplace,3
date,3
davnetwork,3
design,3
destina,3
develop,3
dinero,3
direct,3
disruptive,3
dots,3
earlier,3
east,3
economic,3
elf,3
eligma,3
email,3
emmaresio,3
encryption,3
enjoy,3
enough,3
entering,3
enthusiasts,3
entrepreneurship,3
equity,3
est,3
etc,3
eternal,3
europes,3
even,3
everyday,3
everywhere,3
examine,3
exclusive,3
experienced,3
fairlay,3
fantastic,3
fast,3
finances,3
folks,3
followfollow,3
followforfollow,3
following,3
food,3
forefront,3
forget,3
freecoin,3
friends,3
fudan,3
fully,3
games,3
getlegalthings,3
getting,3
gig,3
gym,3
h,3
hashtags,3
helps,3
holder,3
home,3
horizoncoin,3
hosted,3
hour,3
https,3
hub,3
human,3
icolisting,3
icorating,3
ii,3
illegal,3
impacting,3
implementing,3
impressions,3
income,3
inggris,3
innovations,3
institutions,3
insureumzikto,3
intensecoin,3
internetofthings,3
intersection,3
invacio,3
invited,3
issuance,3
jacques,3
joytoken,3
k,3
killingit,3
koranetwork,3
landscapert,3
las,3
latvia,3
launches,3
law,3
leader,3
lendingblockrt,3
levelnet,3
life,3
lina,3
linanetwork,3
liquidity,3
lists,3
livewebinar,3
llc,3
localdata,3
logistics,3
long,3
los,3
lose,3
maas,3
machinelearrt,3
mainchannel,3
management,3
manufacturers,3
mars,3
marstoken,3
masternode,3
mat,3
means,3
method,3
microstack,3
middle,3
missed,3
momentum,3
motivational,3
msxnetwork,3
mt,3
necessary,3
nem,3
networking,3
nice,3
offer,3
officially,3
old,3
ong,3
overledger,3
pac,3
para,3
pc,3
peur,3
phase,3
philanthropy,3
picture,3
play,3
podrs,3
pos,3
positive,3
preaccelerator,3
prediction,3
prepared,3
prert,3
present,3
press,3
proofoftoss,3
prospective,3
protect,3
proving,3
ptc,3
quiz,3
quote,3
qyk,3
rapidly,3
reason,3
redditrt,3
regarding,3
registered,3
related,3
remivladuceanu,3
remove,3
rert,3
result,3
revenue,3
rewards,3
riga,3
rightmesh,3
rights,3
road,3
rocking,3
rosca,3
roux,3
rule,3
saberlo,3
safeincomrt,3
said,3
scrap,3
seen,3
short,3
show,3
showcase,3
si,3
signal,3
simplicity,3
singapores,3
sinochem,3
sizable,3
smartcities,3
sofinplatform,3
solutions,3
someone,3
sponsor,3
spr,3
steemit,3
story,3
strategic,3
strategy,3
stream,3
supplychain,3
sur,3
swiss,3
talented,3
tapscott,3
terjemahkan,3
thats,3
thinkleave,3
till,3
tomorrow,3
topic,3
traceability,3
tradeplayz,3
tradingsignals,3
transaction,3
transformers,3
transparency,3
traxianetwork,3
tron,3
trusted,3
trusts,3
trying,3
ugosetti,3
une,3
unveils,3
usrt,3
valaafshar,3
valu,3
vanig,3
vastly,3
venturebeat,3
vergecurrency,3
vernamofficial,3
viberatecom,3
visitors,3
vlos,3
voice,3
volumes,3
voor,3
voting,3
wallert,3
wallets,3
washington,3
wealth,3
weekly,3
wef,3
whole,3
win,3
winning,3
wire,3
within,3
without,3
writes,3
writing,3
xmr,3
yesterdays,3
youre,3
youve,3
zebpay,3
zperrt,3
aa,2
abhishekshah,2
accepted,2
accessible,2
according,2
accounts,2
actions,2
adding,2
addition,2
additional,2
addrrt,2
adosias,2
advise,2
africa,2
aim,2
airsavetravel,2
algorithms,2
allmere,2
alltechasianews,2
alone,2
alrt,2
als,2
ambition,2
ambitious,2
amid,2
amounted,2
amprt,2
analogy,2
analysis,2
analyticsrt,2
announcing,2
annually,2
anonymous,2
anrt,2
apple,2
applied,2
apr,2
arduinort,2
articles,2
asoc,2
assistance,2
assistanrt,2
attend,2
attended,2
authenticity,2
autounit,2
banega,2
banning,2
bart,2
basic,2
basis,2
bc,2
became,2
beginning,2
begins,2
believe,2
bernardmarr,2
bill,2
bitcoinmagazine,2
bitcort,2
bitsoccer,2
bittrex,2
bittwatt,2
bittwattpteltd,2
blo,2
blockchainhttpst,2
blocks,2
blockthefuture,2
blockvestgroup,2
blueprint,2
bluponix,2
bobehayes,2
bonuses,2
booth,2
born,2
bright,2
brindezkromo,2
btcmanager,2
btcmonth,2
btg,2
bubble,2
building,2
buirt,2
bull,2
buyin,2
buzcoin,2
calling,2
capgemini,2
card,2
cardium,2
cases,2
cashrt,2
catch,2
centralrt,2
certain,2
certificate,2
cest,2
chains,2
chairman,2
chiefcommunications,2
chinese,2
christos,2
clients,2
coart,2
coast,2
coazqbdhi,2
cobdqyjba,2
cobwotlnivpd,2
cocnsvhmdrt,2
codpgpgkaca,2
codxednnjx,2
codxmjyznuv,2
coehyvxkx,2
coekutwvcof,2
cogcjqouarfj,2
coggvurt,2
cogmupdydqc,2
cogyzqtseka,2
cohlctzdth,2
cohmtlqjrte,2
cohqvqygkb,2
coiaqak,2
coigxqxay,2
coindesk,2
coinsignalbot,2
coiscexlih,2
coizlbakuf,2
coizlbakufthe,2
cojbgmtour,2
cokivfndsnst,2
coksqquequc,2
com,2
commonly,2
comndugnlpjr,2
comosmwppku,2
comparison,2
competition,2
competitors,2
completrt,2
compliant,2
components,2
compromised,2
computer,2
comrt,2
conduct,2
connected,2
consultant,2
consumersrt,2
contractors,2
cooln,2
coopxgugfjy,2
coopyfzpow,2
copshtlf,2
corporate,2
corzslowpxo,2
coslooznwq,2
coss,2
coszdbtoklj,2
cotklqxlur,2
coueyshblbi,2
countries,2
court,2
cousin,2
covqdfld,2
covwwcmbegy,2
cowcjsixrx,2
coxaojwlxba,2
coxgoqtvrxca,2
coxhhwzcufo,2
cozcgfmtzbqrt,2
cozgdpjvqci,2
cozphhfnj,2
credit,2
crime,2
criptomonedas,2
crowdfund,2
cry,2
cryptocurrenrt,2
cryptoeconomic,2
cryptoexchange,2
cryptolife,2
cryptomine,2
cryptonews,2
cryptopaymentrt,2
cryptophilanthropy,2
da,2
daniel,2
datasets,2
dates,2
datingrt,2
dav,2
decade,2
decentralpost,2
deconference,2
deconomyforum,2
del,2
della,2
delle,2
depend,2
describes,2
desicion,2
determined,2
developeo,2
devx,2
dibattito,2
digfesteu,2
digipharms,2
digipharmteam,2
digitalasset,2
digitaldiplomacy,2
digitalhealth,2
dijitalparart,2
dimko,2
diplomazia,2
directly,2
discounts,2
disruptors,2
distributed,2
diversified,2
dlt,2
dor,2
download,2
dragnet,2
dream,2
driven,2
dro,2
dronert,2
drort,2
drt,2
dubaistartuphub,2
ecbru,2
economies,2
education,2
eine,2
elec,2
elizabeth,2
emerging,2
enablers,2
enlte,2
enrg,2
ensure,2
enthusiast,2
entre,2
entrepreneurs,2
enu,2
equitybase,2
equivalent,2
ert,2
es,2
essentia,2
essential,2
establish,2
etfs,2
ethen,2
ethereumrt,2
europeancryptort,2
evangelist,2
evasion,2
everytime,2
evolving,2
exactly,2
expert,2
explained,2
explains,2
failurking,2
familiar,2
featuring,2
fgraillot,2
fhfcommunity,2
fill,2
film,2
finally,2
financially,2
fintrt,2
firefighting,2
firm,2
fishermrt,2
flash,2
focus,2
focused,2
follofolloback,2
forecasting,2
forecasts,2
forked,2
formally,2
formichenews,2
fourth,2
frameworks,2
francisco,2
frascoin,2
freecrt,2
freezone,2
frenchtech,2
friend,2
fulfrt,2
fund,2
funding,2
fundwithgup,2
fxy,2
gamblica,2
gambling,2
gamification,2
gao,2
gardening,2
genesis,2
gglobalproject,2
ghanta,2
giconfindustria,2
giftcoin,2
globatalent,2
goals,2
goes,2
google,2
governance,2
govt,2
graz,2
grazplatformrt,2
grow,2
guess,2
guru,2
haahrmarianne,2
hacker,2
happened,2
havent,2
healthcarert,2
heeft,2
helping,2
het,2
high,2
highlights,2
highregarded,2
hits,2
holders,2
hornet,2
hosting,2
hotadds,2
hrs,2
html,2
htt,2
http,2
hubtrex,2
hybridblock,2
hydroponics,2
ibrahim,2
icodrops,2
icolinkcom,2
icosuccess,2
icymi,2
identified,2
identity,2
identitytheft,2
iive,2
imagery,2
immediately,2
immvrseuk,2
implement,2
implementation,2
implemented,2
improves,2
inc,2
include,2
incoming,2
increasing,2
indian,2
individual,2
individuals,2
indra,2
influencer,2
infograzico,2
initialcoinoffering,2
initiatives,2
inside,2
insideradmin,2
instant,2
insureum,2
integrate,2
integrated,2
integration,2
interactions,2
interested,2
inv,2
investrt,2
invoicefinancing,2
invox,2
invoxfinance,2
io,2
iota,2
iotrt,2
ipfs,2
isaac,2
isr,2
italiano,2
itbut,2
j,2
jeux,2
jimmarous,2
joinrt,2
jointeamwell,2
june,2
junger,2
jusrt,2
juxtamusicuk,2
kaigrunwitz,2
kanadecoin,2
katsuobushiduke,2
kenya,2
ki,2
killing,2
kndc,2
koranetworks,2
korrt,2
kriptonico,2
kriskind,2
kucoin,2
kurochkin,2
kyriacou,2
lab,2
labs,2
lands,2
lapoblockchain,2
large,2
larticolo,2
laseretching,2
layer,2
ldnfe,2
leaderhttpst,2
level,2
leverages,2
linareview,2
lives,2
livestream,2
lixplatform,2
lo,2
location,2
logichain,2
login,2
logitoken,2
logo,2
lol,2
looked,2
lort,2
lottery,2
loyakk,2
loyaltypoints,2
luckys,2
lunivers,2
lupikov,2
luudinhphuhp,2
magos,2
making,2
managed,2
map,2
mapps,2
marketplaces,2
max,2
mcafee,2
mdkoenka,2
mdltalenthub,2
media,2
medichain,2
medichainonline,2
meetups,2
memph,2
mercado,2
messaging,2
middleman,2
might,2
millions,2
minimum,2
minirt,2
mission,2
mitchell,2
mnuchin,2
moment,2
momentumtoken,2
moneygrowth,2
moneyrebelteam,2
monitors,2
moscoin,2
moslottery,2
move,2
movement,2
movie,2
mthereum,2
multiplicity,2
na,2
nabshow,2
nanjcoin,2
national,2
needs,2
neocash,2
neonazis,2
newsbtc,2
newton,2
nigelwalsh,2
nowrt,2
ntcrt,2
nuk,2
numerous,2
objectives,2
odyssey,2
offers,2
oleg,2
olxa,2
onefifth,2
ongoing,2
op,2
opencollectorsnetwork,2
opportunities,2
organized,2
outcome,2
ownership,2
pakistans,2
pan,2
pantos,2
pantosio,2
paperwork,2
participating,2
pdatatoken,2
perfectly,2
perspectives,2
pesaafrica,2
petro,2
pham,2
pierrepinna,2
pilot,2
piratepartyint,2
pitch,2
places,2
plartform,2
plataforma,2
playboytv,2
pleased,2
points,2
poloniex,2
pool,2
poor,2
popular,2
pour,2
powered,2
powers,2
premium,2
presented,2
president,2
preston,2
printing,2
privatesa,2
process,2
productivist,2
productrt,2
professional,2
proffaustus,2
profits,2
progress,2
promises,2
promotes,2
proof,2
proposed,2
proprietary,2
provided,2
psbrt,2
pundi,2
pundixdanny,2
pundixlabs,2
pvx,2
pwc,2
quand,2
quantadex,2
qurrex,2
rakhne,2
rampd,2
rashadgamar,2
rawdata,2
rbipolicy,2
reach,2
reaching,2
readies,2
reading,2
realities,2
recent,2
recently,2
recognized,2
recording,2
redcoin,2
refer,2
regulatecrypto,2
regulators,2
released,2
remember,2
rencontre,2
replace,2
report,2
research,2
resources,2
respectively,2
results,2
retail,2
returns,2
revelations,2
revolutionary,2
revolutionizing,2
rewarding,2
rgpd,2
rich,2
riot,2
risks,2
rivoluzione,2
role,2
roma,2
ronaldvanloon,2
roof,2
rowe,2
rrt,2
rskchain,2
rskhain,2
rules,2
running,2
russian,2
saas,2
safeins,2
san,2
sanc,2
sancoj,2
sans,2
save,2
screens,2
sdx,2
seafood,2
seamless,2
sec,2
sehr,2
select,2
selfllery,2
sentiment,2
sentinel,2
shahidmasooddr,2
shared,2
sharpychester,2
shenzhen,2
showcrypto,2
signrt,2
signup,2
simon,2
simoncocking,2
sirinlabs,2
smarctoken,2
smartcontainers,2
smartphone,2
smmdayit,2
soch,2
socialmedia,2
socrates,2
software,2
sold,2
solidity,2
something,2
sou,2
sourt,2
spain,2
speaker,2
specifically,2
specter,2
spoke,2
stable,2
stand,2
stark,2
stasyq,2
states,2
statistics,2
steem,2
stormer,2
stox,2
strategirt,2
streamity,2
streamityico,2
study,2
subassemblies,2
submit,2
subscribers,2
superstar,2
suspended,2
swxcoin,2
synixtoken,2
syt,2
tag,2
taking,2
techforum,2
technique,2
technologie,2
tecnologa,2
tehambrosetti,2
tema,2
tends,2
term,2
terminal,2
text,2
tfecon,2
thelhoft,2
theory,2
therighttrader,2
though,2
thoughtprovoking,2
thousand,2
thread,2
thrive,2
timeboxnetwork,2
tips,2
tldr,2
todas,2
todays,2
tommorow,2
ton,2
tool,2
toomas,2
totalsupply,2
tpg,2
track,2
transform,2
trart,2
tratsch,2
traveling,2
traxiontoken,2
tremendous,2
tripago,2
tripagoofficial,2
truth,2
tutorial,2
types,2
u,2
uav,2
ubiquicoin,2
uk,2
un,2
understanding,2
undp,2
unifying,2
unskippable,2
upcoin,2
updated,2
urt,2
urvival,2
usage,2
usecase,2
uss,2
utc,2
valuable,2
van,2
vechainofficial,2
vectorzilla,2
velixid,2
ven,2
venturescanner,2
vernams,2
version,2
vex,2
vexanium,2
vido,2
vladimir,2
volume,2
vpn,2
vrn,2
vue,2
vulnerabilities,2
wal,2
wale,2
wants,2
wat,2
wdatart,2
webinar,2
werent,2
whatsup,2
whos,2
willrt,2
winner,2
wins,2
winwin,2
wmf,2
words,2
workers,2
works,2
worry,2
wouldnt,2
wow,2
wweev,2
xbond,2
yakindu,2
yayproto,2
yobit,2
youth,2
youtubert,2
yumeriumtoken,2
zakawaqar,2
zcash,2
zenios,2
zerostate,2
zig,2
ziglar,2
zurich,2
aaa,1
aaooaoa,1
abandon,1
abril,1
absorbed,1
abtcofficial,1
abusing,1
accenture,1
accept,1
acciones,1
accomplished,1
accort,1
accreditation,1
accurt,1
accuse,1
achieved,1
achievements,1
achter,1
acocollective,1
acorns,1
acquaintance,1
acrual,1
actionable,1
activitiert,1
activities,1
activitiesrt,1
actually,1
actuels,1
ad,1
addresses,1
addrhttpst,1
adjustment,1
adoblockchainjay,1
adopt,1
adrien,1
advance,1
advancement,1
advancements,1
advania,1
advantage,1
advertise,1
adviser,1
advisorynotes,1
advocate,1
affairs,1
affect,1
affrontare,1
afraid,1
aged,1
ago,1
agreat,1
aida,1
aidaico,1
aidaservice,1
aider,1
aidilkamil,1
aidriven,1
aiessentia,1
aieve,1
aii,1
aint,1
air,1
airdropevent,1
airdropsalert,1
airdrrt,1
airdrt,1
aits,1
aktienhandel,1
alaxio,1
albertogaruccio,1
alcohol,1
alessandro,1
alex,1
alexander,1
alexanderhaxton,1
alexchoofficial,1
alexis,1
algoritmi,1
alibaba,1
alibabakhani,1
alibayar,1
alimentation,1
alisovino,1
allemaal,1
alleviate,1
alliance,1
allianz,1
altairvrrt,1
altcoinio,1
alternative,1
alternatives,1
alts,1
alwrt,1
ama,1
amazon,1
ambassadors,1
aml,1
ampqurrex,1
amwriting,1
amzn,1
ana,1
analysing,1
anche,1
andrea,1
andrealurones,1
andthe,1
angel,1
animals,1
anna,1
annasdaq,1
anomalies,1
anomx,1
ansonmccade,1
answered,1
ante,1
antonpopov,1
antx,1
anytime,1
apacciooutlook,1
apacciooutlopowering,1
apihttpst,1
apirt,1
aplicada,1
apofinance,1
apofinanceico,1
aposource,1
appearances,1
appeared,1
apply,1
apporte,1
apporter,1
approach,1
apps,1
appuntamento,1
aprirt,1
aprithis,1
apuntarse,1
araty,1
architecture,1
area,1
argues,1
arizona,1
arrangement,1
arthurzubkoff,1
articlert,1
artificihttpst,1
artificirt,1
artists,1
artoftheday,1
artporn,1
artwork,1
arunglobatalent,1
arunrt,1
ash,1
asiapacific,1
asic,1
aside,1
asistencia,1
asking,1
asleep,1
assessment,1
association,1
associations,1
ast,1
asterios,1
asteriospapastamatakis,1
athlete,1
atomicswaps,1
attendance,1
audience,1
augmented,1
auroradao,1
aus,1
authoritative,1
automates,1
automatic,1
automatically,1
automotive,1
availble,1
avec,1
averaged,1
avril,1
awaited,1
awaiting,1
award,1
awarenessrt,1
awesome,1
azeelive,1
babart,1
baby,1
babyhaven,1
backbone,1
backed,1
backers,1
backs,1
balang,1
ballonnen,1
ban,1
bandwagontix,1
banker,1
bankex,1
bankexprotocol,1
bans,1
bare,1
barillarims,1
bars,1
base,1
basically,1
basics,1
basisneuro,1
basketball,1
basrt,1
bata,1
bay,1
bb,1
bbc,1
bbcworldservice,1
bbitrust,1
bcc,1
bcf,1
bcgsvote,1
beer,1
beforehow,1
beginners,1
begun,1
beijing,1
bekijk,1
bella,1
beltandroad,1
beneficial,1
benefit,1
benitez,1
bensemchee,1
ber,1
bermuda,1
berndlapp,1
berry,1
besides,1
beskyfchain,1
bestcoinslist,1
bestrt,1
bet,1
beta,1
betekenen,1
betex,1
bether,1
bethereumprojecti,1
bethereumprojectrt,1
bethereumteamrt,1
betrium,1
betriumbets,1
betriums,1
beyond,1
bezig,1
bfollow,1
bgxworld,1
bhai,1
bi,1
biaoru,1
bicycle,1
bigdatart,1
biglockdaddy,1
billionaire,1
billions,1
binarias,1
bind,1
binding,1
bir,1
bitbns,1
bitbox,1
bitboxcli,1
bitboyhodl,1
bitcairdrop,1
bitcar,1
bitcario,1
bitcodash,1
bitcoinaustralia,1
bitcoincash,1
bitcoincashfund,1
bitcoincrypto,1
bitcoindood,1
bitcoinhomework,1
bitcoinmining,1
bitcoinreview,1
bitcoinsrt,1
bitcointfchain,1
bitcoirt,1
bitech,1
bitofchina,1
bitpays,1
bitrewards,1
bitrt,1
bitshares,1
bive,1
blackcoin,1
blkchninstitute,1
bloanalysis,1
blockbethereumteam,1
blockc,1
blockcblockchain,1
blockchai,1
blockchainblockchain,1
blockchaincrypto,1
blockchaindemocracy,1
blockchaindevelopers,1
blockchaindeveloping,1
blockchaineconomist,1
blockchainenabled,1
blockchaingame,1
blockchaingers,1
blockchainhub,1
blockchaini,1
blockchainkiller,1
blockchainmarginless,1
blockchainpluracoin,1
blockchainrecomendadodelda,1
blockchainstay,1
blockchainsumm,1
blockchainsuperfactsunday,1
blockchainto,1
blockchainua,1
blockchainwith,1
blockchainy,1
blockchaisec,1
blockchart,1
blockchgeolocation,1
blockchodysseyocn,1
blockcjoin,1
blockkonios,1
blockmerculet,1
blocksummitla,1
blockthe,1
blockvest,1
blocomx,1
bloomx,1
bluzelle,1
boardfree,1
boardrt,1
boatrt,1
bobsummerwill,1
body,1
bofcon,1
bola,1
bonne,1
bonniefrobinson,1
bootstrappedvc,1
borrowers,1
bosch,1
bot,1
bountycampaigcrypto,1
bountycompany,1
bountyhunter,1
bountyhunterrt,1
bountypbitpower,1
bouw,1
bpesaafrica,1
bpw,1
br,1
brain,1
brainwashed,1
braucht,1
breach,1
breakthrough,1
brendanblumer,1
brett,1
brianbehlendorf,1
brillante,1
bristowcolrt,1
broadcastbeat,1
broadcasted,1
brockpierce,1
brokageofpersonaldata,1
brokageofpersonaldatart,1
broken,1
browse,1
browsing,1
bruin,1
bruno,1
bshoppers,1
bslchile,1
bt,1
btcrt,1
btctn,1
btcusd,1
bug,1
buildinrt,1
buildirt,1
builtin,1
bullshit,1
bulltoken,1
burnt,1
burstup,1
busd,1
businenice,1
businert,1
busines,1
businessrt,1
businesstorobots,1
busy,1
buyer,1
byhttpst,1
bytemaster,1
byzantinegeneralsrt,1
cadre,1
cafes,1
calculated,1
call,1
campaign,1
canvas,1
capitalism,1
car,1
cardano,1
cards,1
care,1
carelessly,1
carmi,1
carmirt,1
carolevachet,1
carrt,1
cartel,1
cashbethereumteam,1
cashripple,1
cashs,1
catalyst,1
catering,1
caution,1
cbarbiebuysdips,1
cbcharity,1
cbinsightrt,1
ccn,1
ccrypto,1
ceci,1
cemeteries,1
cent,1
centers,1
centracard,1
centrali,1
centralisation,1
centralwatch,1
centre,1
centrt,1
ceobranding,1
certo,1
cet,1
cetrt,1
cette,1
cgcardona,1
cgeneral,1
cgledhill,1
chain,1
chaishepherd,1
changing,1
channelchat,1
characteristics,1
charitablegivingjoin,1
charity,1
charlie,1
chatbots,1
chatcoin,1
che,1
cheaper,1
cheating,1
cheers,1
chekwume,1
chew,1
chiaro,1
children,1
choice,1
choose,1
chose,1
chouanga,1
chriesposito,1
chris,1
christian,1
christses,1
chrt,1
chun,1
cio,1
cis,1
cisco,1
citizenship,1
city,1
citys,1
civil,1
claim,1
classic,1
classification,1
clearly,1
clem,1
clientele,1
clort,1
close,1
closer,1
closes,1
closure,1
club,1
clue,1
cmtv,1
cnh,1
coabowntvgrfrt,1
coacakbxqrrt,1
coacfaiqp,1
coafpfhswrt,1
coafsypjxmh,1
coahlszqwdurt,1
coahqxohnxtheabyss,1
coahxwwzcbjc,1
coaijxxooamrt,1
coaislcsyly,1
coajukshul,1
coakadpopga,1
coakumzzje,1
coalfegmmrrt,1
coalnpxtstrt,1
coanjllnos,1
coaofwfw,1
coaojhojr,1
coarroymtgnrt,1
coarwfjxfg,1
coaryxpfys,1
coaslizunhworldpeacecoin,1
coatavibgw,1
coauenswaxo,1
coavyrxmxrt,1
coaxpmljyrt,1
coayhjiuext,1
cobaavohvmst,1
cobawmncoessentia,1
cobbclirpavy,1
cobbfvtpjurt,1
cobbrglejgycrypto,1
cobclfldheybrt,1
cobeldjipl,1
cobetgiqbgtrt,1
cobfraoptprt,1
cobhualvbitk,1
cobhxls,1
cobhyswquc,1
cobifadjiwxsmartcontainers,1
cobihlatovkv,1
cobirkgkwa,1
cobisdblaeprt,1
cobjmruftyrt,1
cobkcsonhqp,1
cobkenapj,1
cobksjfurlhe,1
coblockchain,1
cobmbdrvwi,1
cobmbzjeigg,1
cobmxajovqwa,1
cobpwpznoy,1
cobrorjkyeqrt,1
cobryctykzne,1
cobttlozfrt,1
cobtuuowxds,1
cobuwigxl,1
cobvgiiejzrt,1
cobvjfaov,1
cobwyktzclirt,1
cobzrhsytx,1
cobzyyyph,1
coc,1
cocanreqkyvh,1
cocbdxnrykrt,1
cocbnqctlrt,1
cocbwhulte,1
coccjvuvxi,1
cocckuecvvrt,1
cocfvcacvt,1
cocgobqvj,1
cocikpumy,1
cocjekizfnirt,1
cockblockchain,1
cockjfuepqheres,1
cockllqwgsazis,1
cocljvdzhcrt,1
coclootefc,1
cocnsvhmd,1
cocpkejhsbdrt,1
cocpkzudrt,1
cocqfeelzci,1
cocqlddouyob,1
cocrwstqwn,1
cocrypto,1
coctilljhh,1
cocuxetpgj,1
codbokftanfrt,1
codbrfntx,1
codchat,1
coddaetort,1
coddvypliir,1
codegwolqwort,1
codes,1
codhokgw,1
codigipharm,1
codkyotvackp,1
codlulmcbcsrt,1
codncztzrrw,1
codoomumfyeusing,1
codotkcs,1
codqeiektld,1
codrpamxrn,1
codrt,1
codrwwjgwic,1
codtthmu,1
codtvycvvpcrrt,1
codumwpgdlyjimpress,1
codumwpgdlyjrt,1
codvzdnlcrgrt,1
codwnnzkuplxrt,1
codxhoa,1
codxjihkygi,1
codzqvjgrt,1
coeacuvfjxw,1
coedgolyjlqp,1
coefeenwrr,1
coeffpjqqvjy,1
coegcunzuoirt,1
coeiocu,1
coeiocurt,1
coekdizdwhx,1
coekkwjmutosrt,1
coekvpxgrdrt,1
coelvosbaam,1
coelxvpjwvcrypto,1
coenhmecex,1
coeogicnilhc,1
coeoqukvap,1
coepyuhjao,1
coermiemqzfrt,1
coesxrvglur,1
coetkdslfzz,1
coetkhkxeosgfxfr,1
coeuhlbylast,1
coeuhlbyrt,1
coeuqldqqtn,1
coeuufkwtbi,1
coevwnrgsfb,1
coeyculbrkkwhy,1
coeyezkbz,1
coezbireirt,1
cofadsegey,1
cofblockchain,1
cofcmqtszrt,1
cofdkphbyxlh,1
cofdzmqunx,1
cofeheupx,1
coffee,1
cofgamgox,1
cofgapsoud,1
cofhrzstbox,1
cofiovqcbrrt,1
cofktfeyni,1
cofkvcztxlp,1
coflmvicqvrt,1
cofmmjlmeos,1
cofmtpxvslkrt,1
coforicmskh,1
cofounded,1
cofpdvpof,1
cofpructyhcrypto,1
cofqyiavrt,1
cofraohog,1
cofrt,1
cofsshjhmtart,1
cofthe,1
cofuhwphjjrt,1
cofvrwyyntcrt,1
cofwctrxcrt,1
cofwktbykm,1
cofxqwbjuho,1
cofyhtdivsstreamity,1
cofyoygwbxrt,1
cofznjiqoy,1
cogakdgnhaert,1
cogbgxdnxqrt,1
cogbgxdnxqtldr,1
cogcmiyzoncrypto,1
cogecnubbgav,1
coggvu,1
coggvuxyo,1
cogirokmwsj,1
cogljgncorsi,1
coglkwwlcxgh,1
cogmiffsomirt,1
cognitive,1
cogpynsznikrt,1
cogqgtmzitalian,1
cogqgtmzsupportmegatron,1
cogsnqbiw,1
cogsosmipfrt,1
cogtskwnol,1
cogujdhthttpst,1
cogwpdnddvsrt,1
cogyaward,1
cogyerjxla,1
cogyzqtsekcoinyeezy,1
cogyzqtsekthe,1
cogzntvfgtdd,1
cohbcjllptqthree,1
cohcdnktvg,1
cohcilnnsny,1
cohdckonyift,1
coheajbbrt,1
cohfikhxmn,1
cohhckozy,1
cohhltdrzbt,1
cohjgznwatr,1
cohort,1
cohpeqcdun,1
cohpkxrrwbbort,1
cohraxoydun,1
cohrfgnhd,1
cohsbcrbbu,1
cohsfnldphttpst,1
cohsukwxda,1
cohtaphseamk,1
cohtlegjidn,1
cohvjyqfirt,1
cohvndgapybdrt,1
cohygttrrt,1
cohzzheifyt,1
coicenwmmtmrt,1
coieauqfrt,1
coiedqrbsuu,1
coietumfa,1
coigbnzo,1
coigbnzoive,1
coihbnelbwn,1
coihvtlifh,1
coikaalbhemm,1
coikezzhvart,1
coikhlkgzhv,1
coikyjhlrbdthe,1
coilxoprxfx,1
coimbypip,1
coimewqqwyrt,1
coinagendas,1
coinagenews,1
coincollectingrt,1
coindcx,1
coindesks,1
coinfest,1
coinidolxyo,1
coinjanitor,1
coinmarketcap,1
coinomeofficial,1
coinpayments,1
coinpaymentsnet,1
cointelrt,1
coinwisely,1
coipnlxjdp,1
coiqdktjbwn,1
coiqrtrrtnw,1
coisisporbe,1
coiszdkcx,1
coitbbwcyrt,1
coitishltafrt,1
coiuhvrvkywk,1
coiupraxyld,1
coiwfefdbhad,1
coiwjejbtr,1
coiwrg,1
coiwrgcrypto,1
coiwrglitecoin,1
coiwrgnuggets,1
coiwrgwebsite,1
coiwynwbnjadrt,1
coiyhqdsvwrt,1
coiyotla,1
coiytgfsccrt,1
coizlbakufcardstack,1
coizlbakufibm,1
coizqhojmry,1
cojbhdlyw,1
cojctcrbujwlrt,1
cojdcrfxgbqrt,1
cojetfvqvb,1
cojeuolbirt,1
cojfemogwzgq,1
cojfrfgtlart,1
cojftkxpmkrt,1
cojhort,1
cojhyszsn,1
cojittxiirt,1
cojivoelaaob,1
cojjmjdhuxui,1
cojllndbdt,1
cojlqnpyuhyrt,1
cojlvngzrt,1
cojmyuhfqdb,1
cojmzihsrwq,1
cojnyrurzrrt,1
cojpqllzowprt,1
cojtmdotrt,1
cojwxnbr,1
cojyntkjqyhashgraph,1
cojznrfxccrt,1
cokbgegfxv,1
cokbndgeykuirt,1
cokdksetqbrt,1
cokenkbsufert,1
cokexbxswus,1
cokflqojnrq,1
cokfnctpfxq,1
cokfyxyvnrn,1
cokiddbygbf,1
cokipxkoeuhrt,1
cokjpynsgs,1
cokkwinxqqrrt,1
coklpeybgf,1
cokmaunq,1
cokoqxdhwlvrt,1
cokotfaulzt,1
cokpqrgwwyd,1
cokqdxpfe,1
cokqsmcruuevwhy,1
cokqvrjnl,1
cokrgucwewv,1
cokshkwewq,1
cokudazitue,1
cokudzncrrt,1
cokuwmsyrt,1
cokvzxszildqrt,1
cokwolkdxurt,1
cokzwurt,1
cokzwutdklgf,1
cokzxgnnpvvrt,1
coladtxsjpv,1
colcbrkswiss,1
colcvrwxfwx,1
coleccjolyn,1
colhltvjkdrt,1
colidghjscstmobilebridge,1
colihxdrrhow,1
colirvahowert,1
collaborationsrt,1
collage,1
collectable,1
collusion,1
colmdoprgfzrt,1
colmgorey,1
cologmoulw,1
colpahojilafter,1
colpahojilrt,1
colpgvsmsxuo,1
colpoccp,1
colreqrii,1
colrmycuyuoputting,1
coltvlouioct,1
colwbbovpncg,1
colwjnhagyrt,1
colxsrt,1
colylwyiwahhttpst,1
combat,1
combining,1
comcikrmjbg,1
comdannsvrt,1
comdgzllwjp,1
comgcscxe,1
comgshhycgert,1
comhtlyjw,1
comhyaoqgqfjrt,1
comingsoon,1
comjqhmrt,1
comkjpyrxuz,1
commerce,1
commercert,1
commerzbank,1
commission,1
communityrt,1
communitys,1
commurt,1
comnxydgccqg,1
comomtgje,1
comoudpuart,1
companys,1
compatible,1
competing,1
comphasidpnrt,1
complet,1
completed,1
completes,1
complexits,1
compliance,1
comply,1
component,1
comprehensive,1
comqwgqgfort,1
comravhiszr,1
comrebellious,1
comrmhlrm,1
comrnynmsrrt,1
comsgftzla,1
comsgftzrt,1
comtmlwsnuf,1
comuuysfasj,1
comxaogsly,1
comxert,1
comxxdidyv,1
comygzjtalrt,1
comyyrdsbocnbtc,1
comzxkvckeligma,1
conadtdfgert,1
conajtwgphojusticemate,1
conbqnartrzrt,1
conceivable,1
condcikokrt,1
condiciones,1
conduxtrplrt,1
coneywazbytrt,1
conferrt,1
confiance,1
confidence,1
conftaponrt,1
congaqfln,1
congjzhlrb,1
coniamkuts,1
conklxkcmt,1
conllykzkzb,1
conlslqmreng,1
conmigo,1
conmmbllmxxzegretia,1
connbsiudpuwho,1
connecteddevices,1
connectivity,1
connects,1
connectx,1
connectxworth,1
conqtfhgluqrt,1
conryymmwchprt,1
consens,1
consenso,1
consensus,1
consensys,1
consists,1
consommateurs,1
consortiums,1
constricted,1
consum,1
consumer,1
consumreferral,1
contextsensitive,1
continuation,1
contre,1
contribution,1
contributions,1
contributors,1
controllarli,1
controlrt,1
controls,1
contsobubert,1
conuplkohpals,1
conuron,1
conwdxbylad,1
conwjqhurort,1
conxryyf,1
conxxtqjjsl,1
conytoylrirt,1
conyuflfgkrt,1
conzmaqppa,1
cooahqcsev,1
coobekmctuythe,1
coochzasdtrt,1
coodjiuckfesrt,1
coodkibjxezrt,1
cooebh,1
cooebhlendingblock,1
cooebhpreico,1
coofhkqkbiirinablockchain,1
coogezixvepc,1
coojzrgmm,1
cookarsbya,1
cool,1
coolbjofeirt,1
coolijbgpccthe,1
coomgzio,1
coonxundgwrt,1
cooouquxlrt,1
cooovllvdzxrt,1
cooperated,1
coopysnpart,1
cooqjdcaksckrt,1
cooqosbdlq,1
coordinate,1
coorgnpbzmm,1
coosoqlrpve,1
coossvzpfweprt,1
cootvfojenwhrt,1
coovtdmzxlk,1
coowumsatumrt,1
cooxdojvvt,1
cooxnurt,1
cooxqxkipjirt,1
copbiitywive,1
copbquzobort,1
copcelbywmkanadecoin,1
copdferbvhz,1
copenhagen,1
copeqcvkvgawesome,1
copeuxghmy,1
copfrhhjmrt,1
copgmdnympc,1
copimqhjkkilrt,1
copjnollhvg,1
copkdfrfquelrt,1
copkicohqrt,1
copldnxjixrt,1
copmagjujsp,1
copnbsashrg,1
copnbzxosgb,1
copofsikoeart,1
copqaplzxfprt,1
copsbmvovuert,1
copter,1
copvrzkhszhhealth,1
copxgohcasxrt,1
copxhgrwjmrt,1
copxkkmfv,1
copying,1
copyqmzrbcvrt,1
copyzmdrbpgamblica,1
copzmtmmco,1
copztphmxdh,1
coqfennrt,1
coqfvkvqv,1
coqgjifgto,1
coqguhhwijd,1
coqipkpuyweu,1
coqjvxxumbrt,1
coqknuucinfrt,1
coqkzcsoyxrt,1
coqlkckcelu,1
coqlnuobwd,1
coqmhhafvs,1
coqmvzsxaze,1
coqmvzsxhlrc,1
coqmzkoytaort,1
coqnshnth,1
coqoxcchvu,1
coqqfeypu,1
coqraelvemvrt,1
coqumfmekfrt,1
coqxrjnxcopla,1
coqzmvxoovfd,1
corcgaaiomx,1
corcqbuydlq,1
corcvjmy,1
cordfnegosb,1
cordoophqem,1
corfadqojec,1
corfggxynrt,1
corgdjmukcav,1
corgygiegb,1
corhtytgmajs,1
corkclbmfpyd,1
corknyyvaxi,1
corl,1
corlhwjlnadrt,1
cormrwilbhnvrt,1
cornkxlbgpjbasisneuro,1
cornkxlbgpjchange,1
cornkxlbgpjhow,1
corofihvsjw,1
coroiqescrt,1
corporateaccountability,1
corqjddmkrt,1
corrnrqvqzgeolocation,1
corrrpsbkzrt,1
corrupt,1
corwfkwl,1
corzcbkfuvjg,1
corzfrfszjbrt,1
cosbqdrt,1
cosbrfougo,1
cosebxnqooev,1
cosfmducemnrt,1
cosfvcolfoch,1
cosgfltqau,1
cosizgndzm,1
cosjcmvvrq,1
cosjymtfashivom,1
coskkpuibkzrt,1
cosldbihqbs,1
cosmos,1
cosndxxylxgrt,1
cosnhtvozjrt,1
cosohxxoojawebsite,1
cosqjlaesbisrt,1
cosscxtdzeicrt,1
cosseelos,1
cosshnyc,1
cost,1
costaxfjlnc,1
costsaving,1
costzhfczbsmart,1
costzpl,1
cosxouwaelsirt,1
cosyqyjqurt,1
cosyspgqlevelnet,1
cosyspgqreposting,1
cosznbtrpxrt,1
cotapplywburt,1
cotawuuvkzgnews,1
cotdnpvfkrt,1
coteehnjcrt,1
cotfjntjihrt,1
cotgczregk,1
cotgjhgno,1
cotgvtmdlrt,1
cothe,1
cotinbgj,1
cotinbjyidvr,1
cotjwhfzmoodrt,1
cotlcdhcb,1
cotlurydpo,1
cotop,1
cotpoukghlxrt,1
cotpsqjctldp,1
cotqcarcqzlrt,1
cotqnhspkwg,1
cotrnihjpnmrt,1
cotrt,1
cotsdytszth,1
cotthckdugmtrt,1
cotutgbpeyu,1
cotvgumjfkc,1
cotvrt,1
cotwmonlsk,1
cotxezjnv,1
cotxktxkkbisrt,1
cotycbpsrxtc,1
couadwtdyy,1
coufpsrrx,1
cougwvbzsqc,1
couhobuqyrt,1
couiorbcexvr,1
coujilksfsvrt,1
couldnt,1
counting,1
countless,1
couple,1
couppdlxn,1
couqyjzdvrt,1
courant,1
cours,1
courtcircuiter,1
cousffnuyqaj,1
cousffnuyqajcorl,1
cousffnuyqajhttpst,1
cousffnuyqajjoin,1
cousffnuyqajpay,1
couswfhgi,1
couujdrpcsvsrt,1
couunweajbjb,1
couuyryobodrt,1
couwzsvgdlrt,1
couxbcutjnsecurity,1
couymsppje,1
couzluitpnln,1
covbtqzvugyprt,1
covbvsfrzdozrt,1
covcjeotwkmrt,1
covcxajsymk,1
covdlbmntkrt,1
covdlwcxmqe,1
coverage,1
covihvnxnxmonero,1
covihvnxnxrt,1
covjcjgvgarizona,1
covkjvqhv,1
covkmtdfdfu,1
covlatvp,1
covmldrljgz,1
covpeoyert,1
covpeoyes,1
covpgeksknksrt,1
covqqmdomdqc,1
covsgtbtkeb,1
covtspywsmqo,1
covupwtyxlo,1
covvomtsonrt,1
covvsnolpmn,1
covwjoszmrcgthecryptolark,1
covwnkqncsb,1
covxlrxlyrt,1
covyryzsoji,1
covztusyhcgl,1
cowalhxbs,1
cowavmukwbw,1
cowbblyvyhow,1
cowdsalert,1
coweoieuuzrt,1
cowgtrncdx,1
cowhlgiwkrqrt,1
cowirnjieif,1
cowjbpkjk,1
cowmahcoejulrt,1
cowmxvbvjvrt,1
cowotking,1
cowpbaxxiiublockchain,1
cowubgnyc,1
cowuscacbghrt,1
cowutjqkhprt,1
cowvdtgzmrrt,1
cowxoxiocs,1
cowxoxiocsrt,1
cowxzexbfcrypto,1
cowzaxxrj,1
coxcwrldy,1
coxfnsncg,1
coxhvlsxae,1
coxhyatmfexi,1
coxiztxpdlakaiito,1
coxkmhycubrt,1
coxmsoisquyq,1
coxmsvtemsv,1
coxnreocugrt,1
coxpyxhdn,1
coxqyhszrh,1
coxtdeudeo,1
coxunabzzz,1
coxvmks,1
coxvvdmitwyq,1
coxwrxjyrt,1
coxxgpnhbelxrt,1
coxyulgtsegrt,1
coxyxzymcfirt,1
coxzbeoerxy,1
coxzrzjanl,1
coyblrvkexzrt,1
coydyowkrt,1
coyexodukm,1
coyfekgxqax,1
coygxgciidzu,1
coygxxyjqlwrt,1
coyhahfmb,1
coyhwdvfqchttpst,1
coyilzpkqfxr,1
coyiyxubhvkrt,1
coyklxdiqkj,1
coyltdhxetirt,1
coynjkochvn,1
coynvqlqmsv,1
coynwysvq,1
coyofjuvoze,1
coyojyvlcrt,1
coyonadhat,1
coypllchpagrt,1
coyqiwcjprpg,1
coyqnzmrozcf,1
coytnsinjr,1
coytvvweixfsrt,1
coyvggcgsddarizonas,1
coywnjtso,1
coyxhlspdpdrt,1
coyyduq,1
coyywgyoiscf,1
coyznccjmvrt,1
coyztwkalc,1
cozcyuxzkf,1
cozectfekfgrt,1
cozeossixx,1
cozjdsx,1
cozkolwampe,1
cozkrt,1
cozlgbuivwrt,1
cozlpoxtsaprt,1
cozomcdlx,1
cozotcmhfvgp,1
cozphhfnjlendingblock,1
cozqadmwuwulsimonbettison,1
cozquxojrgin,1
cozrfmsfgdsn,1
cozsctmibwik,1
cozttrh,1
cozuzhzoaprt,1
cozvtixlgdw,1
cozvyimwr,1
cozwrt,1
cozwvcfeul,1
cozxhxafdethe,1
cozywsznan,1
cozzyutasw,1
cozzyutaswcurrent,1
cpugpu,1
crateurs,1
creation,1
creditors,1
creditsuisse,1
crimes,1
criptonoticias,1
crisis,1
critical,1
criticalart,1
crl,1
crowdmachine,1
crowdsalert,1
crowdworkers,1
crw,1
crypt,1
cryptelodrivert,1
cryptoactifs,1
cryptoage,1
cryptobless,1
cryptocryptocurrencynews,1
cryptocurrencyjoytoken,1
cryptocurrencynews,1
cryptocurrencywere,1
cryptocurrert,1
cryptocurrrt,1
cryptocurrthey,1
cryptoeconomy,1
cryptoemporium,1
cryptoflix,1
cryptogame,1
cryptographic,1
cryptographyblockchain,1
cryptohodlers,1
cryptoi,1
cryptoinvesting,1
cryptolifewe,1
cryptolifrt,1
cryptomarket,1
cryptonewsau,1
cryptonote,1
cryptos,1
cryptothe,1
cryptotocrypto,1
cryptotrip,1
cryptovalley,1
cryptowintera,1
cryptoworld,1
crypts,1
crystalrose,1
crytocurrency,1
csdn,1
csharpcon,1
csharpcorner,1
cst,1
ctr,1
cubetto,1
cuckoo,1
cultural,1
culturalplaces,1
cup,1
curious,1
currencies,1
custopu,1
cuz,1
cyber,1
cybersecrt,1
czbinance,1
dagfiles,1
dahlgren,1
dailydashboard,1
damiendouani,1
dan,1
danieldrive,1
dappio,1
dappsrt,1
dar,1
dat,1
datacleansing,1
datacleansinggzel,1
dataprotection,1
dated,1
dati,1
dato,1
dbrainrt,1
dc,1
dcentraliser,1
ddisparte,1
ddos,1
dead,1
deal,1
debate,1
debuts,1
deby,1
decentraland,1
decentralinauticus,1
decentralisert,1
decentralize,1
decentralizedrt,1
decisions,1
deconstructing,1
decrease,1
deeplearning,1
deesiglo,1
definitely,1
defstarrt,1
dejan,1
deleted,1
delivered,1
delivrt,1
deloitte,1
dem,1
demand,1
demmy,1
demo,1
demonstrated,1
depende,1
depends,1
derivatives,1
derzeit,1
described,1
desde,1
deserves,1
designate,1
designers,1
designrt,1
despite,1
despotism,1
detail,1
detailed,1
detect,1
determining,1
devant,1
developer,1
developersriot,1
devices,1
dex,1
dgaindrive,1
dgb,1
dgtresor,1
diagram,1
diary,1
dick,1
die,1
diesel,1
dieselframework,1
different,1
difficulty,1
digibytecoin,1
digiflo,1
digipharm,1
digipharmrt,1
digitalday,1
digitalidentity,1
digitalmarketing,1
digitalscouting,1
digiwage,1
dijitalparabethereumteam,1
dijitalparausd,1
dinisguarda,1
dipendenze,1
dirkjankoeman,1
dirolabs,1
dirt,1
discovery,1
discretion,1
dispensed,1
display,1
displayed,1
displaying,1
disruptionrt,1
disruptions,1
distorted,1
dit,1
diverse,1
diversifying,1
diwtokeskycoin,1
diya,1
dj,1
djurado,1
dmitry,1
dna,1
doa,1
docademicdevelopeo,1
documents,1
doeone,1
doingrt,1
domaintokencom,1
dominant,1
donc,1
donde,1
donnes,1
donors,1
dontpanic,1
dopecrypto,1
doppia,1
dorleecrypto,1
dosheenhuxin,1
dow,1
downloads,1
dpoque,1
drella,1
drie,1
drodigipharn,1
dropping,1
droprt,1
dsmeu,1
dtapscott,1
dtx,1
dual,1
dublin,1
dudas,1
dumb,1
dumping,1
dun,1
duration,1
dusty,1
dutch,1
dydx,1
dyor,1
easier,1
easytouse,1
ecb,1
eccbcountries,1
ecex,1
eclair,1
ecoinomic,1
ecological,1
ecom,1
ecosystems,1
ed,1
edkwedar,1
educational,1
edwards,1
effect,1
effectively,1
effort,1
egretia,1
eitdigitalmasterschool,1
ela,1
elastos,1
elecblockchain,1
electhe,1
elementh,1
elemenths,1
eliinde,1
elites,1
elpaisretina,1
else,1
elt,1
eltrt,1
em,1
emac,1
emarketchainco,1
emb,1
embrace,1
emilyphoon,1
emission,1
emmares,1
emoji,1
emotionalrt,1
emotionsrt,1
employing,1
emrt,1
enable,1
enables,1
enabling,1
encompasses,1
encrypted,1
encyclopedia,1
endeavor,1
ending,1
endorsement,1
endrt,1
endtoend,1
energetic,1
energie,1
energyhttpst,1
engagement,1
engaging,1
engineers,1
enlace,1
enltecoins,1
enltecommunity,1
enlteofficial,1
enoughflogmall,1
enricoverga,1
enroll,1
ensures,1
enterprises,1
entirely,1
entit,1
entrackr,1
envion,1
environmental,1
eobased,1
eoinwoodz,1
eosio,1
eosphilosophy,1
eosticker,1
eot,1
ep,1
equicapital,1
equitoken,1
equitybaseco,1
erasable,1
eraser,1
ercbloknetwork,1
ercive,1
erp,1
ess,1
estafaomx,1
estar,1
estn,1
etccf,1
etccooperative,1
eternaltrustsis,1
etherecheck,1
ethereu,1
etheriumcrypto,1
ethert,1
etrt,1
etsy,1
eugene,1
europeancrypregistration,1
evaluation,1
evan,1
evankirstel,1
eventgreat,1
evento,1
eventumnetwork,1
eventums,1
evergrowthio,1
everincreasing,1
evert,1
everybody,1
evidence,1
evolution,1
ewdnrussia,1
excellent,1
exchanger,1
exchanges,1
executive,1
exempt,1
exercice,1
exercise,1
exercising,1
exhibition,1
expanding,1
expansive,1
expect,1
experimenting,1
explanation,1
explorer,1
explores,1
explotar,1
expodx,1
exponential,1
express,1
extended,1
extremely,1
eyassin,1
f,1
faa,1
fabulous,1
faces,1
facts,1
fairer,1
fairlets,1
falsification,1
family,1
familypoints,1
fans,1
fantoken,1
farmatrust,1
farmersrt,1
fascinates,1
fashion,1
faster,1
fb,1
fbfd,1
feasrt,1
feed,1
feedback,1
feedly,1
feel,1
feenstra,1
fees,1
fekunze,1
fella,1
field,1
fight,1
figures,1
fih,1
filled,1
filling,1
final,1
finalists,1
financings,1
finanza,1
finanziarie,1
finart,1
findrt,1
finserv,1
fint,1
fintechcanada,1
fintechloyakk,1
fintechpalace,1
fintechrt,1
fintechtime,1
firozkhandc,1
fishcoin,1
fishcoinnetwork,1
fisherm,1
fismartrealty,1
fitness,1
fitz,1
fixes,1
flood,1
flow,1
fly,1
fm,1
fo,1
fognet,1
follofollo,1
follome,1
follort,1
followbackrt,1
followt,1
followthe,1
folow,1
folowback,1
football,1
foothold,1
forces,1
forgot,1
forgotten,1
fork,1
forkdelta,1
forkdworldwide,1
forkrt,1
format,1
formed,1
forms,1
forrt,1
fort,1
fotradeconnect,1
four,1
foxconn,1
franaise,1
frankfurt,1
fraude,1
fre,1
freecjoin,1
freecoinsbounty,1
freedom,1
freelance,1
freelancers,1
freelancing,1
freert,1
freezonetokensale,1
frenzy,1
frequentflyer,1
friendly,1
friert,1
frost,1
fseremprendedor,1
ft,1
fu,1
fud,1
fuel,1
fuels,1
fujoin,1
fulfill,1
fullcrypto,1
fullfledged,1
fullkryptonium,1
fulllendingblock,1
functionality,1
fundamental,1
funded,1
fundwiseed,1
fundwithcrypto,1
futurekai,1
futureofeducation,1
futureofeurope,1
fysieke,1
fze,1
gaat,1
gafa,1
gainaltairvris,1
gained,1
gamblingrt,1
gamebot,1
gamedev,1
gamers,1
garanties,1
gart,1
gave,1
gdrp,1
geared,1
geeksandblockgeeks,1
gehandelt,1
gekregen,1
gemgroningen,1
geraldbader,1
gert,1
getthe,1
gglobal,1
giacomozucco,1
giants,1
gibblockex,1
giftcoincrypto,1
gifts,1
gigappio,1
gilgamesh,1
gilplatform,1
gioneeglobal,1
giovanni,1
github,1
given,1
gives,1
giveway,1
givingtuesday,1
glh,1
globaltechbox,1
globart,1
gne,1
goal,1
goldbacked,1
gonattylite,1
goodrt,1
gorshunov,1
gotha,1
gouvernement,1
goveaujourdhui,1
governing,1
grab,1
graduate,1
graf,1
graham,1
grahamdoggart,1
grain,1
gram,1
grand,1
gratuita,1
greet,1
greetings,1
groninger,1
grootste,1
gros,1
groundings,1
groundshaking,1
grouprt,1
groups,1
growtlifestylelike,1
grupo,1
gtlt,1
gtrtcrypto,1
gttoken,1
gtweb,1
guangdonghongkongmacao,1
guarantee,1
guatemala,1
guests,1
guide,1
guy,1
gverdian,1
gymrewards,1
gymrewardsrt,1
ha,1
hac,1
hack,1
hackernoon,1
hadaico,1
hai,1
half,1
happens,1
happiness,1
haroldsinnott,1
hash,1
hashgraph,1
hassan,1
hazards,1
hcoming,1
hd,1
hdg,1
headed,1
headlining,1
healthcarehttpst,1
healthit,1
hear,1
hedgebz,1
heller,1
herrt,1
highlevel,1
highlikylekummerle,1
highperformance,1
history,1
hitbtc,1
hmb,1
holding,1
hole,1
holistic,1
honest,1
honesto,1
hong,1
honor,1
honored,1
hopefully,1
horizon,1
hosts,1
hotels,1
house,1
houzz,1
however,1
hr,1
hthttpst,1
httessentia,1
htthunicrypto,1
httinterview,1
httmarket,1
httphow,1
httpqtum,1
httpsancapquotes,1
httpsantonio,1
httpscrypto,1
httpsgroningen,1
httpsmobilebridge,1
httpsocialwalletinc,1
httpsomx,1
httpssofinplatform,1
httpstrt,1
httpthe,1
httregtech,1
huidige,1
humanintheloop,1
humanity,1
humbled,1
hun,1
hundreds,1
huobinews,1
hurdles,1
hyperledger,1
hysteria,1
ia,1
iac,1
iamblissss,1
iartificialintelligence,1
ibn,1
iceland,1
icerockmining,1
icobazaar,1
icobittwattpteltd,1
icocoin,1
icoevents,1
icoholder,1
icoi,1
icomarks,1
icosummitkazan,1
icotheabyss,1
icotoken,1
icotokengo,1
icotokennews,1
icrypto,1
icthree,1
ide,1
idee,1
identitys,1
iedemam,1
ieeespectrum,1
iel,1
ignition,1
ihl,1
iiblockchain,1
iin,1
ilovecrypto,1
imagineil,1
imaginert,1
imamali,1
immodificabile,1
immutability,1
imp,1
implementa,1
implements,1
importance,1
importantly,1
importrt,1
impressive,1
improved,1
improvments,1
inblockchain,1
incalculable,1
incentivizing,1
includes,1
including,1
incnt,1
incomes,1
increase,1
incredible,1
incredibly,1
independent,1
indepth,1
indexed,1
indianert,1
indirect,1
individually,1
industrialinternetofthings,1
industrie,1
industries,1
industryomx,1
industryrt,1
influencermarketingglobatalent,1
influencivert,1
infos,1
infrastructure,1
initiativert,1
inmates,1
innort,1
innovacin,1
innovators,1
inquiry,1
inschainaccount,1
inscripciones,1
insert,1
insightful,1
insights,1
inspem,1
inspiration,1
inspiring,1
installments,1
instead,1
instil,1
instiltr,1
institute,1
institutional,1
instructing,1
instrument,1
insurtechrt,1
int,1
integrates,1
intelligence,1
intels,1
intended,1
intent,1
interact,1
interaction,1
interbit,1
intercrypto,1
interesados,1
interessante,1
interest,1
interests,1
interface,1
interledger,1
intermediari,1
intermediaries,1
internal,1
internetofthingsupgrade,1
internships,1
interoperability,1
interpretation,1
interviews,1
inthe,1
invention,1
inversionrt,1
invested,1
investingrt,1
investmentbanker,1
investmentsrt,1
investor,1
ios,1
iost,1
iostoken,1
iotcoresoft,1
ipecunio,1
iqr,1
ir,1
irb,1
irishtechrt,1
ironblockrt,1
irony,1
irrelevant,1
irs,1
isnt,1
issue,1
isupportcrt,1
isuppprtcrypto,1
itblockchain,1
itemis,1
items,1
ithe,1
ito,1
itproportal,1
ittook,1
ivan,1
ivascu,1
ive,1
iwantlegaalecrypto,1
ixledger,1
ixyo,1
izx,1
izxio,1
jail,1
jamie,1
japanbased,1
jaredctate,1
javiers,1
jaxentercom,1
jeffreybuskey,1
jelaja,1
jelurida,1
jeu,1
jikhan,1
jin,1
jmsantospr,1
joaqun,1
johnniefellix,1
joincivil,1
jointly,1
joirt,1
joke,1
jones,1
jonnwakalo,1
joseph,1
journalism,1
joy,1
joytokenreconciling,1
joytokenrt,1
jp,1
jproietti,1
jrt,1
judyke,1
juego,1
jueves,1
julesratcliffe,1
jung,1
junyong,1
juste,1
justinsuntron,1
kafkian,1
kahve,1
kalkulation,1
kan,1
kannart,1
kano,1
kanonhealth,1
kaskogo,1
katesills,1
kay,1
kcashofficial,1
kedgebsrt,1
keeping,1
keeps,1
kent,1
keyifli,1
kicks,1
kid,1
kiemtie,1
kind,1
kindly,1
kinds,1
knoomx,1
knoskycoin,1
knowledgeable,1
known,1
koenig,1
koinexindia,1
koirt,1
kong,1
konios,1
konrad,1
kora,1
korean,1
kreditkartenberweisung,1
krijgen,1
kripton,1
krizmancic,1
kumarasen,1
kuninas,1
kurrt,1
kwedar,1
kycaml,1
kyprianou,1
l,1
laat,1
labeling,1
labels,1
labour,1
lachainecrypto,1
lamf,1
lancechain,1
lancechains,1
landgra,1
landgrart,1
landmarks,1
landscapeeryckfenot,1
landscapegood,1
landscapeim,1
landsvirkjun,1
landu,1
lange,1
lapplication,1
lart,1
lassemble,1
late,1
launching,1
lavenderpr,1
lazy,1
lazysundays,1
lbt,1
lea,1
leadatabrokerdao,1
leaderi,1
leaders,1
leadership,1
leaexcellent,1
led,1
legalise,1
legalising,1
legalizing,1
legitimate,1
lekker,1
lendingblocktv,1
lendo,1
lesechosrt,1
lesnamaranetto,1
letter,1
lezione,1
lfetoken,1
li,1
liancb,1
liechtenstein,1
lifecycle,1
lifenature,1
lifestyle,1
lightningnetwork,1
likeforfolow,1
limage,1
line,1
linkercoin,1
links,1
lintervention,1
linuxfoundation,1
liphone,1
lisbon,1
listen,1
listening,1
listing,1
litecoineducation,1
liveable,1
livert,1
livestreaming,1
lix,1
lmc,1
loading,1
loi,1
lolrt,1
lomsledo,1
longfinaktien,1
loopt,1
loss,1
losses,1
lost,1
lovecars,1
lovecrypto,1
loveforcrypto,1
lowest,1
lpesa,1
lpesaico,1
lpez,1
lpsa,1
lpwan,1
lrida,1
lt,1
lubin,1
luigimarconi,1
lutter,1
luxcoin,1
maakindustrie,1
machinelearlendingblock,1
machinelearningrt,1
madeeba,1
madrid,1
maechler,1
magazine,1
magazines,1
mainnet,1
mainsale,1
maintaindatabrokerdao,1
maintainhow,1
maintainthis,1
maken,1
makers,1
makeyourownlane,1
makschacht,1
mal,1
malahov,1
mamoruio,1
man,1
manager,1
managers,1
managing,1
manangement,1
manier,1
manila,1
manipulations,1
manner,1
manufacture,1
mar,1
marcos,1
maria,1
mariannert,1
marked,1
marketspace,1
marketwatch,1
martech,1
mary,1
mashable,1
massimochi,1
massive,1
mastered,1
masternoded,1
masternodes,1
matchx,1
maternity,1
matskevich,1
mattslater,1
mavin,1
mavinnetwork,1
mavro,1
mavrocoin,1
mayor,1
mb,1
mdl,1
mean,1
mechanisms,1
medic,1
medicine,1
medio,1
medxchange,1
meetrt,1
megatron,1
mehr,1
mejora,1
member,1
menloventures,1
mentioned,1
mentor,1
mentorship,1
mercadodevalores,1
merchandise,1
merchant,1
merits,1
mesbitt,1
meshnetwork,1
metaanggraini,1
metalfactory,1
metalfactoryico,1
metalpaysme,1
methierryvallat,1
mhiesboeckcrypto,1
mhiesboeckrt,1
mi,1
michaelsuppo,1
microsoft,1
middleton,1
miguelcalero,1
mihai,1
mikecostachert,1
mikequindazzicryptelo,1
mikequindazzirt,1
milano,1
milestones,1
millionaire,1
mine,1
minerone,1
minimal,1
miningpool,1
ministry,1
mins,1
minuscule,1
miota,1
mipaula,1
mipformats,1
miptv,1
miroskii,1
miroskiicoins,1
mirroring,1
mis,1
misbelief,1
misconceptions,1
mise,1
missdiorsheree,1
missrt,1
mit,1
mkcjeewantha,1
mktmedt,1
mme,1
mmocoin,1
mnlgirlinnorway,1
mobilebridge,1
models,1
modexs,1
modo,1
mondayfact,1
mondert,1
mondiale,1
monero,1
monetizatrt,1
monetize,1
monopolistic,1
monthly,1
morissaschwartz,1
morning,1
moscow,1
mostimpressively,1
motherboard,1
motivation,1
mou,1
moving,1
mpgvip,1
mreserve,1
mrs,1
mrt,1
ms,1
mteblockchain,1
mtl,1
multichained,1
multicurrency,1
multiplayer,1
multiply,1
multisharing,1
multivengroup,1
multivenico,1
multivens,1
munichre,1
musicoin,1
musicointurkiye,1
must,1
mustattend,1
mutrt,1
mutual,1
mutually,1
muzychuk,1
mvp,1
mwilcox,1
mybitnation,1
myhero,1
mylifecrypto,1
myths,1
nablive,1
nagibator,1
nah,1
nakamoto,1
name,1
nanj,1
narcissistic,1
narendramodi,1
nasa,1
nasdaq,1
nationale,1
nations,1
naval,1
nazionalizzassimo,1
nbdr,1
near,1
nearrealtime,1
neart,1
nebulaai,1
necessity,1
neoblockchain,1
neoblockchainrt,1
neocouncil,1
net,1
nete,1
neusoft,1
newalchemy,1
newrt,1
nextgen,1
ngtlt,1
nias,1
nich,1
nicolas,1
nieuwe,1
nigerias,1
nigeriatodayngimpress,1
nim,1
nimbustoken,1
ninamannycht,1
nine,1
nirav,1
nivaura,1
nmina,1
noble,1
nobody,1
nodes,1
nodexl,1
noemt,1
nos,1
nosotros,1
notes,1
nrt,1
nts,1
nuestro,1
nuggets,1
nukleus,1
numbers,1
nuova,1
nuovo,1
obike,1
objectivert,1
obtain,1
obtaining,1
oddly,1
odysseyocn,1
oe,1
oeuvre,1
offerings,1
offerrt,1
office,1
officialmcafee,1
officials,1
oficial,1
oftewel,1
ok,1
ole,1
olxacoin,1
om,1
omg,1
omnitudeorg,1
onadrevenue,1
ondemand,1
oneday,1
oneplusone,1
ones,1
onlinepoker,1
ont,1
ontheabyss,1
onze,1
opciones,1
openfuture,1
opengamingplatform,1
opengreat,1
opening,1
openledger,1
openledgerdc,1
openledgerdex,1
openledgerweekly,1
openthis,1
oplossingen,1
oportunities,1
opportunrt,1
opposed,1
opreturn,1
oracle,1
order,1
orderholon,1
origin,1
orirt,1
os,1
othert,1
ottima,1
outdated,1
outlined,1
outrt,1
outskyllz,1
overcome,1
overdraf,1
overhaul,1
overtake,1
owndatacoin,1
owner,1
owns,1
ownthenews,1
oxford,1
pablofb,1
paced,1
pad,1
page,1
pago,1
painting,1
pakistan,1
palousa,1
pangea,1
paolo,1
papastamatakis,1
par,1
pareto,1
parking,1
parler,1
participated,1
participation,1
participationthe,1
particlproject,1
parties,1
partita,1
pas,1
passenger,1
passidept,1
passion,1
passirt,1
patent,1
patronio,1
patwielandlive,1
paulius,1
paymentwalletrt,1
pays,1
pazarlar,1
pblockchain,1
pdatas,1
peace,1
peculiurt,1
peerpiays,1
peertopeer,1
pensions,1
perfection,1
performance,1
performing,1
perhaps,1
permanently,1
permite,1
person,1
personally,1
persuaded,1
pert,1
petersburg,1
petition,1
petrolio,1
peut,1
pgx,1
pharmaparalleltrade,1
phone,1
phones,1
photo,1
photography,1
phparalleltrade,1
physics,1
pick,1
pics,1
piece,1
pige,1
pigzbe,1
piracy,1
piraieert,1
pitches,1
pivotal,1
pizza,1
pkirt,1
plaaks,1
plahttpst,1
plan,1
planners,1
planning,1
plastic,1
playersale,1
playersrt,1
plays,1
playset,1
pledge,1
pmmodi,1
pmo,1
pnzujqwaoehasfxwjbzv,1
pnzujqwaoehasfxwjbzvrt,1
po,1
poa,1
podatki,1
podra,1
poised,1
poker,1
pokergames,1
policy,1
political,1
polska,1
ponder,1
popp,1
popped,1
por,1
portal,1
portando,1
pose,1
position,1
positioning,1
positiveibanker,1
possibilities,1
posting,1
postponing,1
posts,1
pourrait,1
povcoin,1
poverty,1
povr,1
powerhouse,1
powering,1
ppsf,1
practical,1
practice,1
praktische,1
prebeyondweekend,1
predicisionmedicine,1
predict,1
predictions,1
preicrt,1
presalewent,1
presentations,1
preserve,1
prevent,1
prevented,1
print,1
prints,1
prior,1
pris,1
privacy,1
privatesart,1
prize,1
pro,1
probibm,1
problme,1
problockchain,1
processus,1
produce,1
producing,1
productive,1
productofficial,1
professionalbitcoin,1
programme,1
projech,1
projectrt,1
promo,1
promotional,1
proper,1
properly,1
propose,1
proposition,1
prospects,1
prosperity,1
prote,1
protocols,1
proved,1
providers,1
providing,1
prrt,1
prsident,1
prximo,1
psbhttpst,1
publicized,1
publicly,1
publicprivate,1
publieke,1
publishing,1
puerto,1
pull,1
pumping,1
punto,1
purchasers,1
pursue,1
putting,1
pwe,1
qacona,1
qampa,1
qompass,1
qompassmarkets,1
qps,1
qr,1
qrx,1
qtum,1
qtumofficial,1
qtumrt,1
qua,1
quantum,1
quest,1
quoi,1
quotes,1
quotesandsayings,1
quotesdaily,1
quotesforlife,1
quotesgram,1
quotesofinstagram,1
quotesoftheday,1
quotestagram,1
qurt,1
qykbar,1
qzrt,1
rabbit,1
rachelwolfs,1
radar,1
radically,1
radio,1
rados,1
raising,1
random,1
rassurait,1
rate,1
rates,1
ratinghttpst,1
ratinglisneo,1
rbtc,1
rby,1
realrt,1
realtime,1
reasonable,1
rebellious,1
rebuild,1
receipts,1
receiving,1
recognize,1
recommendations,1
reconciling,1
recorded,1
recreate,1
reducing,1
ref,1
refereum,1
referrt,1
refused,1
reg,1
regafintech,1
regi,1
regicultural,1
region,1
regirt,1
registrazione,1
registry,1
regular,1
reimburse,1
relation,1
relations,1
releases,1
reliability,1
relies,1
remembered,1
reminder,1
reminders,1
remix,1
renewableenergy,1
renewables,1
reopened,1
replay,1
repo,1
repocoin,1
reportblockchain,1
rescue,1
resell,1
resistance,1
resistancert,1
resistant,1
resolvemos,1
resource,1
respect,1
response,1
restriction,1
restrictions,1
retailers,1
retina,1
returnonsociety,1
retweeted,1
retweettalking,1
revealed,1
reveals,1
revenuesharing,1
revolutionise,1
revolves,1
rewarded,1
rezart,1
rfr,1
rglementaire,1
rglementation,1
rgler,1
rhodes,1
richard,1
richardquest,1
rickypo,1
rico,1
ridiculous,1
rimuovere,1
rinablockchain,1
ring,1
ripp,1
rippleomisego,1
ripples,1
ripprt,1
rising,1
risk,1
rkt,1
rlitecoin,1
rmc,1
roadmaprt,1
robotinas,1
robustezza,1
roljictibute,1
roll,1
rome,1
rooftop,1
rort,1
roundtableapps,1
route,1
rox,1
runner,1
rural,1
rutgervz,1
ryanbeckett,1
safeincomsafein,1
safely,1
safest,1
safinus,1
safinusico,1
sajuab,1
sales,1
sanino,1
santarius,1
satisfy,1
saurait,1
savoir,1
sawtooth,1
saying,1
scalability,1
scenarios,1
scenes,1
scheduled,1
schobinger,1
scholarlykitchnrt,1
science,1
score,1
scratch,1
screwedbystate,1
scroll,1
scxv,1
sdefremont,1
sdk,1
seal,1
sealnetwork,1
searchable,1
seattle,1
seconds,1
secret,1
securirt,1
securities,1
segodnyashnegoll,1
sel,1
selfmanaged,1
seller,1
sellers,1
selling,1
senatore,1
sender,1
seoulrt,1
serious,1
sert,1
servers,1
serves,1
shah,1
shams,1
shanghaimeetup,1
shape,1
shaping,1
sharpay,1
sharpayio,1
shift,1
shipping,1
shlendingblock,1
shoot,1
shop,1
shortage,1
showcasing,1
shulgin,1
shut,1
sidechains,1
siendo,1
siglo,1
signature,1
significance,1
significant,1
signs,1
sigue,1
siliconrepublic,1
silvapuras,1
simulate,1
since,1
sincerely,1
sintglobal,1
sirin,1
sistem,1
sistemi,1
sistemic,1
sitio,1
skepticism,1
skills,1
skillsvalidation,1
skyfchaina,1
skyfchaingood,1
skyfchainseasoned,1
skyft,1
sla,1
slaves,1
slips,1
slow,1
smarcico,1
smartcontainersrt,1
smartparenting,1
smartrealty,1
smartvalley,1
smile,1
smithsonian,1
smm,1
smrt,1
smthe,1
sn,1
sobre,1
sobrevalorado,1
socially,1
socialmarketing,1
solarenergy,1
solrt,1
solurt,1
solves,1
solving,1
someday,1
somehow,1
sono,1
sorenstig,1
sostituendoli,1
soua,1
soufriends,1
sovacrypto,1
sovacryptoxv,1
sovrinid,1
spaces,1
sparks,1
speakers,1
speakrt,1
special,1
specialist,1
specialized,1
specificall,1
specificallget,1
spend,1
spendimg,1
spiega,1
spirosmargarrt,1
spokesperson,1
sports,1
spot,1
spots,1
springclean,1
sprintx,1
squared,1
srn,1
srt,1
standard,1
standards,1
stars,1
started,1
startin,1
startnot,1
startolxa,1
startpeople,1
startsummit,1
startuprt,1
stasyqico,1
stasyqicort,1
statebacked,1
stated,1
status,1
stawia,1
stealthcrypto,1
stellarorg,1
stellarterm,1
stephantual,1
stephenpkendal,1
steps,1
stevegimbroll,1
stevejobs,1
stevert,1
stevewongla,1
stinchcombe,1
stjohndeakins,1
stockphotogrart,1
stolen,1
stoppt,1
stores,1
stories,1
strategies,1
stratorob,1
streamdesk,1
streamrt,1
strongest,1
stuff,1
subscribed,1
subsidiary,1
substratum,1
successopencollectorsnetwork,1
succrt,1
suceden,1
suchapp,1
suicidalbanker,1
sul,1
summarize,1
sundaymotivation,1
sunter,1
superfast,1
suppoman,1
supported,1
supporter,1
supporters,1
supporting,1
supportmegatron,1
surfcash,1
surfcashchain,1
surfing,1
surpass,1
surprenant,1
surt,1
surveillance,1
survey,1
suumit,1
swapyrt,1
swift,1
swing,1
synchronization,1
syncos,1
synonymous,1
sysgsoft,1
sytaylor,1
taelfblockchain,1
taille,1
takeaways,1
takes,1
talater,1
talent,1
tamperproof,1
tangles,1
tasca,1
taskforce,1
tate,1
tcl,1
tea,1
teamfollowback,1
teams,1
teamwork,1
teart,1
technews,1
techniques,1
techno,1
technological,1
technologycrypto,1
technologyjoshua,1
technolohttpst,1
technolomch,1
technolopecunio,1
techology,1
techpesaafrica,1
techrepublic,1
techreview,1
techreviewes,1
tecnologia,1
tecnologie,1
tecrt,1
teleg,1
teleghttpst,1
telegramhttpst,1
telegramrt,1
telegxyo,1
telephony,1
television,1
tendermintteam,1
tenemos,1
tennessee,1
tepper,1
teprovocative,1
ter,1
tercer,1
terms,1
territoriobtc,1
tert,1
tesladuogrouprt,1
test,1
testen,1
testflight,1
testnet,1
tf,1
tgi,1
thailands,1
thanksrt,1
theabyssadosiaio,1
theabyssrt,1
theatres,1
thebitcoinnews,1
thecryptolark,1
theeffort,1
theirt,1
theliteschool,1
themerklenews,1
themes,1
theres,1
theskyllzisthelimitrt,1
thexem,1
theyll,1
thingsexpo,1
thinkbigsundaywithmarsha,1
thinkcointoken,1
thinkcointokensale,1
thinking,1
third,1
thisrt,1
thive,1
thought,1
thoughtful,1
thoughtsblockchain,1
thoughtworks,1
thpecunio,1
throwback,1
thus,1
thvote,1
ticket,1
tiene,1
tiers,1
tilman,1
timebox,1
timeboxrt,1
timeseries,1
tin,1
tip,1
tipblockchain,1
tkeystonecurrency,1
tobacco,1
tobetting,1
todos,1
togreat,1
tokenburn,1
tokendriven,1
tokenfest,1
tokengo,1
tokengoplatform,1
tokenizationrt,1
tokenlendnews,1
tokenrt,1
tokensaleby,1
tokensalecrypto,1
tokensalert,1
tokensales,1
tokensky,1
tokensrt,1
tokrt,1
tokyo,1
toneel,1
tontines,1
tools,1
tosmartak,1
totals,1
tothemoon,1
tous,1
tout,1
touts,1
tpay,1
tr,1
trace,1
tracking,1
traded,1
trademark,1
trader,1
tradinghttpst,1
tradingrt,1
tradingwhat,1
tradizionali,1
traffic,1
train,1
trakinvestico,1
tranh,1
tranrt,1
transactionbuilder,1
transazioni,1
transferable,1
transferred,1
transferring,1
transmits,1
trapadrivegain,1
trasparenza,1
trazabilidad,1
treasure,1
trend,1
trending,1
trial,1
trigger,1
trots,1
trrt,1
trs,1
trueaf,1
trueplayinfo,1
truly,1
trustless,1
trustness,1
trxsub,1
try,1
tse,1
tuesday,1
tulips,1
tumne,1
tune,1
turbio,1
turbo,1
turin,1
turn,1
turning,1
tus,1
tushardutt,1
tutellus,1
tutellusico,1
tvtwo,1
twee,1
twelve,1
twitterlinkrt,1
two,1
ubiquitous,1
ubonium,1
udemy,1
uequitybase,1
unable,1
unchained,1
unclear,1
underpinned,1
understands,1
unfairly,1
uniofoxford,1
union,1
unite,1
unites,1
universal,1
university,1
unlinkable,1
unocoinrt,1
unreliable,1
unstoppable,1
unternehmen,1
untraceable,1
unwanted,1
upda,1
upgrademyname,1
upheaval,1
upon,1
upping,1
upset,1
upvote,1
ur,1
url,1
urls,1
usability,1
usafricachamber,1
usernames,1
usiamo,1
usireconciling,1
usm,1
uso,1
utilisateurs,1
utilise,1
utiliser,1
utilising,1
utility,1
utm,1
ux,1
va,1
valid,1
validation,1
vallert,1
valley,1
valor,1
valuation,1
valudeloitte,1
valuico,1
valuinstitutional,1
vanigrt,1
variety,1
various,1
vcs,1
vechain,1
velopment,1
vemos,1
venezuela,1
venta,1
ver,1
verbeek,1
verges,1
verificabilit,1
verified,1
verify,1
vernam,1
verreauxfly,1
verrt,1
versatility,1
veterans,1
viarium,1
viariumico,1
viariumplatform,1
viart,1
vicenteo,1
victories,1
vilnius,1
vimanaaav,1
vinchain,1
vip,1
viral,1
virtual,1
visa,1
visibly,1
visited,1
visualcap,1
visualisation,1
visually,1
vite,1
vive,1
vlog,1
vmtokens,1
vodafonevge,1
vort,1
vows,1
vroeg,1
vs,1
vtv,1
vudeo,1
vuelven,1
vulnerable,1
vzt,1
wait,1
wake,1
wallearaty,1
walledysnomia,1
walrt,1
warm,1
water,1
wbitcoin,1
wc,1
wdatagymrewards,1
wealthgap,1
wealthmigrt,1
weapon,1
wearables,1
wearethrivelabs,1
websites,1
weekrt,1
weer,1
wei,1
wellorganised,1
wereld,1
werken,1
wgood,1
whats,1
wholesum,1
widely,1
wifi,1
wikidcoins,1
willfishcoinnetwork,1
wilrt,1
winetasting,1
winnings,1
wird,1
withhold,1
withstand,1
wlo,1
wonderful,1
wonderfulrt,1
wondering,1
wont,1
word,1
workflow,1
workforcert,1
workfuel,1
workwithdileep,1
worlcryptoniapoker,1
worlddomination,1
worldhackathon,1
worldopolys,1
worldpeacecoin,1
worldwifi,1
worst,1
wouldbe,1
wouter,1
wowthis,1
wpc,1
wpcico,1
wrap,1
write,1
writer,1
writeup,1
wtc,1
wtf,1
wtmbelfast,1
xbcadfbfbcdf,1
xbcadfbfbcdfeab,1
xcp,1
xem,1
xmn,1
xmoneta,1
xmonetaico,1
xmonetaplatform,1
xp,1
xrpeurope,1
xvgdolphin,1
xvggaudi,1
xvgsofinplatform,1
ya,1
yahoo,1
yahoofinancert,1
yankevychmaksym,1
yearsold,1
yep,1
yetcryptotrader,1
yfn,1
yndraak,1
yong,1
youd,1
youngest,1
yourrt,1
youtokenio,1
youwhat,1
yum,1
yumerium,1
zarailev,1
ze,1
zeenews,1
zerostatedapp,1
zhang,1
zigadeebong,1
zijn,1
zoni,1
zu,1
