"['blockchain', 'httpst']",37671
"['httpst', 'blockchain']",37671
"['blockchain', 'ico']",10538
"['ico', 'blockchain']",10538
"['httpst', 'ico']",10242
"['ico', 'httpst']",10242
"['blockchain', 'crypto']",9549
"['crypto', 'blockchain']",9549
"['blockchain', 'rt']",9514
"['rt', 'blockchain']",9514
"['crypto', 'httpst']",8653
"['httpst', 'crypto']",8653
"['bitcoin', 'blockchain']",8636
"['blockchain', 'bitcoin']",8636
"['httpst', 'rt']",8215
"['rt', 'httpst']",8215
"['blockchain', 'cryptocurrency']",7777
"['cryptocurrency', 'blockchain']",7777
"['blockchain', 'ethereum']",7227
"['ethereum', 'blockchain']",7227
"['bitcoin', 'httpst']",7042
"['httpst', 'bitcoin']",7042
"['cryptocurrency', 'httpst']",6983
"['httpst', 'cryptocurrency']",6983
"['ethereum', 'httpst']",6495
"['httpst', 'ethereum']",6495
"['httpst', 'join']",5282
"['join', 'httpst']",5282
"['blockchain', 'token']",5252
"['token', 'blockchain']",5252
"['blockchain', 'join']",5058
"['join', 'blockchain']",5058
"['httpst', 'token']",4806
"['token', 'httpst']",4806
"['crypto', 'ico']",2940
"['ico', 'crypto']",2940
"['ico', 'rt']",2431
"['rt', 'ico']",2431
"['crypto', 'rt']",2343
"['rt', 'crypto']",2343
"['bitcoin', 'crypto']",2317
"['crypto', 'bitcoin']",2317
"['cryptocurrency', 'ico']",2206
"['ico', 'cryptocurrency']",2206
"['bitcoin', 'cryptocurrency']",2182
"['cryptocurrency', 'bitcoin']",2182
"['bitcoin', 'ethereum']",2060
"['ethereum', 'bitcoin']",2060
"['crypto', 'cryptocurrency']",2035
"['cryptocurrency', 'crypto']",2035
"['ethereum', 'ico']",2035
"['ico', 'ethereum']",2035
"['bitcoin', 'ico']",1956
"['ico', 'bitcoin']",1956
"['crypto', 'ethereum']",1838
"['ethereum', 'crypto']",1838
"['bitcoin', 'rt']",1711
"['rt', 'bitcoin']",1711
"['cryptocurrency', 'rt']",1703
"['rt', 'cryptocurrency']",1703
"['cryptocurrency', 'ethereum']",1621
"['ethereum', 'cryptocurrency']",1621
"['ico', 'token']",1552
"['token', 'ico']",1552
"['ico', 'join']",1546
"['join', 'ico']",1546
"['rt', 'token']",1352
"['token', 'rt']",1352
"['join', 'rt']",1298
"['rt', 'join']",1298
"['crypto', 'join']",1264
"['join', 'crypto']",1264
"['ethereum', 'rt']",1227
"['rt', 'ethereum']",1227
"['ethereum', 'token']",1183
"['token', 'ethereum']",1183
"['crypto', 'token']",1139
"['token', 'crypto']",1139
"['bitcoin', 'join']",1046
"['join', 'bitcoin']",1046
"['cryptocurrency', 'token']",1024
"['token', 'cryptocurrency']",1024
"['cryptocurrency', 'join']",994
"['join', 'cryptocurrency']",994
"['bitcoin', 'token']",939
"['token', 'bitcoin']",939
"['ethereum', 'join']",748
"['join', 'ethereum']",748
"['join', 'token']",607
"['token', 'join']",607
