"['httpst', 'nba']",55478
"['nba', 'httpst']",55478
"['de', 'nba']",48233
"['nba', 'de']",48233
"['de', 'httpst']",41493
"['httpst', 'de']",41493
"['de', 'la']",33106
"['la', 'de']",33106
"['la', 'nba']",32872
"['nba', 'la']",32872
"['httpst', 'la']",28408
"['la', 'httpst']",28408
"['de', 'et']",15591
"['et', 'de']",15591
"['cette', 'de']",15373
"['de', 'cette']",15373
"['de', 'photo']",15363
"['photo', 'de']",15363
"['de', 'dingue']",15302
"['de', 'lgende']",15302
"['dingue', 'de']",15302
"['lgende', 'de']",15302
"['et', 'nba']",15153
"['nba', 'et']",15153
"['nba', 'photo']",14911
"['photo', 'nba']",14911
"['cette', 'nba']",14783
"['nba', 'cette']",14783
"['dingue', 'nba']",14720
"['lgende', 'nba']",14720
"['nba', 'dingue']",14720
"['nba', 'lgende']",14720
"['covgrugomcd', 'de']",13375
"['de', 'covgrugomcd']",13375
"['covgrugomcd', 'nba']",12992
"['nba', 'covgrugomcd']",12992
"['et', 'httpst']",12923
"['httpst', 'et']",12923
"['httpst', 'photo']",12815
"['photo', 'httpst']",12815
"['cette', 'httpst']",12677
"['httpst', 'cette']",12677
"['dingue', 'httpst']",12636
"['httpst', 'dingue']",12636
"['httpst', 'lgende']",12636
"['lgende', 'httpst']",12636
"['covgrugomcd', 'httpst']",11390
"['httpst', 'covgrugomcd']",11390
"['et', 'la']",10492
"['la', 'et']",10492
"['cette', 'la']",10302
"['la', 'cette']",10302
"['la', 'photo']",10297
"['photo', 'la']",10297
"['dingue', 'la']",10260
"['la', 'dingue']",10260
"['la', 'lgende']",10260
"['lgende', 'la']",10260
"['covgrugomcd', 'la']",8967
"['la', 'covgrugomcd']",8967
"['cette', 'et']",4924
"['et', 'cette']",4924
"['et', 'photo']",4899
"['photo', 'et']",4899
"['dingue', 'et']",4889
"['et', 'dingue']",4889
"['et', 'lgende']",4889
"['lgende', 'et']",4889
"['cette', 'photo']",4842
"['photo', 'cette']",4842
"['cette', 'dingue']",4832
"['cette', 'lgende']",4832
"['dingue', 'cette']",4832
"['lgende', 'cette']",4832
"['dingue', 'photo']",4821
"['lgende', 'photo']",4821
"['photo', 'dingue']",4821
"['photo', 'lgende']",4821
"['dingue', 'lgende']",4811
"['lgende', 'dingue']",4811
"['covgrugomcd', 'et']",4267
"['et', 'covgrugomcd']",4267
"['cette', 'covgrugomcd']",4219
"['covgrugomcd', 'cette']",4219
"['covgrugomcd', 'photo']",4208
"['photo', 'covgrugomcd']",4208
"['covgrugomcd', 'dingue']",4199
"['covgrugomcd', 'lgende']",4199
"['dingue', 'covgrugomcd']",4199
"['lgende', 'covgrugomcd']",4199
